name,gender,race,length
shivani,1,3,7
isha,1,3,4
smt shyani devi,1,3,15
divya,1,3,5
mansi,1,3,5
mazida,1,3,6
pooja,1,3,5
kajal,1,3,5
mee,1,3,3
som,1,3,3
buity,1,3,5
,1,3,3
shakshi sagar,1,3,13
anita,1,3,5
neetu,1,3,5
anshu,1,3,5
kanika kathuria,1,3,15
manju,1,3,5
shakshi,1,3,7
ree,1,3,3
neha,1,3,4
khushboo,1,3,8
aasmin,1,3,6
jyoti,1,3,5
riya masi,1,3,9
rekha,1,3,5
leela,1,3,5
gulshan,1,3,7
priya jain,1,3,10
rakhi,1,3,5
versha,1,3,6
sunita,1,3,6
nitu kumari,1,3,11
roshni,1,3,6
parveen,1,3,7
versa,1,3,5
kavita,1,3,6
sarojani,1,3,8
tapas das,1,3,9
priyanka,1,3,8
sant,1,3,4
khushbu,1,3,7
any bobby,1,3,9
deeya kumari,1,3,12
anjali juneja,1,3,13
anjali,1,3,6
champa karketta,1,3,15
monika,1,3,6
rimmi singh,1,3,11
aamika misra,1,3,12
chahat,1,3,6
gma khatoon,1,3,11
koshal,1,3,6
laxmi devi,1,3,10
poom,1,3,4
nikita senger,1,3,13
layba noor,1,3,10
iqra,1,3,4
salima,1,3,6
ziya siddiqui,1,3,13
priti,1,3,5
kamni,1,3,5
renu,1,3,4
priya,1,3,5
mikchi,1,3,6
ruby,1,3,4
smtfarha baigum,1,3,15
sheetal,1,3,7
kalyani patro,1,3,13
palak,1,3,5
babita,1,3,6
gurdeep kaur,1,3,12
dhanwanti devi,1,3,14
fooljhh,1,3,7
smt gyatri devi,1,3,15
shehz,1,3,5
ranju,1,3,5
vidhi,1,3,5
pooja kashyap,1,3,13
mee kumari,1,3,10
savita,1,3,6
ree devi,1,3,8
payal goyala,1,3,12
priynka,1,3,7
janki,1,3,5
laxmi kumari,1,3,12
rinku malav,1,3,11
sohni,1,3,5
basnti,1,3,6
meera,1,3,5
pinki,1,3,5
kiran devi,1,3,10
sonia,1,3,5
doly,1,3,4
raj kumari,1,3,10
manisha,1,3,7
swati joshi,1,3,11
aashiya,1,3,7
vimla,1,3,5
suman,1,3,5
kari,1,3,4
pooja jayshwal,1,3,14
pooja prajapati,1,3,15
seema,1,3,5
kranti,1,3,6
dimpal,1,3,6
aarti devi,1,3,10
sashi mittal,1,3,12
preeti,1,3,6
shajiya,1,3,7
priya sexe,1,3,10
shanti devi,1,3,11
sitara,1,3,6
aakanksha,1,3,9
charu,1,3,5
nilam devi,1,3,10
chango uraon,1,3,12
shiv kumari,1,3,11
kaushaliya,1,3,10
mangla urf mangi bai,1,3,20
grace,1,3,5
usha,1,3,4
smt rubi,1,3,8
nisha,1,3,5
subhadra,1,3,8
lalita,1,3,6
asma khatun,1,3,11
kalawati,1,3,8
santosh singal,1,3,14
chanchal,1,3,8
mercy,1,3,5
smt manju,1,3,9
varsha,1,3,6
huma khan,1,3,9
gulbasha,1,3,8
seema khatun,1,3,12
rahila maqbool,1,3,14
kajal choudhary,1,3,15
geeta devi,1,3,10
swati thakur,1,3,12
shez,1,3,4
rinki,1,3,5
ruksa,1,3,5
vivek kumar,1,3,11
kiran,1,3,5
hee,1,3,3
rajni,1,3,5
nidhi kumari,1,3,12
usha devi,1,3,9
mala devi,1,3,9
hamida khatun,1,3,13
aarti,1,3,5
kanchan,1,3,7
priyaki rav,1,3,11
ranu tiwari,1,3,11
anita devi,1,3,10
leelawati,1,3,9
manju devi,1,3,10
kamla,1,3,5
arti,1,3,4
mamta,1,3,5
anju,1,3,4
noor bano,1,3,9
saroj,1,3,5
rosy massey,1,3,11
rinukanwr,1,3,9
shalu,1,3,5
sneha,1,3,5
komal,1,3,5
sap,1,3,3
sashi,1,3,5
devki,1,3,5
sahin,1,3,5
asha kumari,1,3,11
kusum,1,3,5
arch,1,3,4
himanshi,1,3,8
anuradha,1,3,8
durga,1,3,5
sony jha,1,3,8
preety,1,3,6
rubi,1,3,4
sangeeta,1,3,8
madhuri sharma,1,3,14
shabanm,1,3,7
meenu chawla,1,3,12
amar deep kaur,1,3,14
neelam,1,3,6
smt sunita,1,3,10
rajia,1,3,5
devi,1,3,4
sita,1,3,4
priyansi,1,3,8
zmin,1,3,4
tripti,1,3,6
ramvati,1,3,7
afsa,1,3,4
farida begam,1,3,12
simran,1,3,6
ranita,1,3,6
yogita tiwari,1,3,13
asha,1,3,4
soniya,1,3,6
hemlata,1,3,7
sushma,1,3,6
ranja,1,3,5
benjir hee mohd,1,3,15
salma,1,3,5
ruksha,1,3,6
astha,1,3,5
fahija,1,3,6
reeta,1,3,5
noojo khatoon,1,3,13
chaya,1,3,5
sakila,1,3,6
reha,1,3,4
radha devi,1,3,10
kumari komal,1,3,12
neha siddiki,1,3,12
geeta,1,3,5
mira,1,3,4
smt anju,1,3,8
swati,1,3,5
roshini praveen,1,3,15
shilpa,1,3,6
sudha kumari,1,3,12
afrin,1,3,5
sabm,1,3,4
batloon,1,3,7
anjum devi,1,3,10
smt dhapa devi,1,3,14
yogita,1,3,6
mohini,1,3,6
samsad,1,3,6
sama,1,3,4
maya,1,3,4
jassi,1,3,5
yashoda,1,3,7
susila gudiya,1,3,13
kumari shivani,1,3,14
ramaiya,1,3,7
kamli,1,3,5
munbura bibi,1,3,12
laxmi,1,3,5
bulbul devi,1,3,11
radha,1,3,5
rupa,1,3,4
kumkum,1,3,6
ruksa bano,1,3,10
priyanka bagcdani,1,3,17
sweety,1,3,6
gulafsa khatun,1,3,14
captain,1,3,7
kumari priyanka agarwal,1,3,23
akansha,1,3,7
kritika,1,3,7
sefali,1,3,6
khshbu,1,3,6
suki,1,3,4
paramjeet kaur,1,3,14
sangeet,1,3,7
neelima,1,3,7
deepti,1,3,6
rajkumari,1,3,9
pooja kanwar,1,3,12
rizwa khatun,1,3,12
madhuri,1,3,7
gulnj,1,3,5
archa,1,3,5
rajni devi,1,3,10
dipti,1,3,5
araddh,1,3,6
bharti,1,3,6
dolly,1,3,5
mee devi,1,3,8
payal,1,3,5
divya kawar,1,3,11
babli,1,3,5
muskan urf suman,1,3,16
badrunisha,1,3,10
varsa,1,3,5
shukla vishwas,1,3,14
ekta chauhan,1,3,12
pooja kumari,1,3,12
mikshi,1,3,6
sima,1,3,4
rajesh,1,3,6
juneb bano,1,3,10
parer,1,3,5
alka,1,3,4
gungun,1,3,6
sonia tiwari,1,3,12
muskan,1,3,6
smtkiswar jahan,1,3,15
santosh bai,1,3,11
munni khatun,1,3,12
smt annpur,1,3,10
saneha,1,3,6
monika rani,1,3,11
reema jha,1,3,9
kumari meera,1,3,12
yashika,1,3,7
tapsam,1,3,6
khusboo,1,3,7
ishika,1,3,6
partibha,1,3,8
rbada,1,3,5
kumari manju,1,3,12
rinku kumari,1,3,12
deepika,1,3,7
spa,1,3,3
rita roy,1,3,8
reshma,1,3,6
samaiali,1,3,8
priyanka sagar,1,3,14
samreen,1,3,7
pankaj,1,3,6
roshan,1,3,6
gul afshan,1,3,10
sha,1,3,3
gma,1,3,3
tanuja,1,3,6
rishu,1,3,5
gunjan ver,1,3,10
noor jala,1,3,9
khusbhu,1,3,7
lakhi devi,1,3,10
ya kumari,1,3,9
nirmal,1,3,6
bhawa,1,3,5
reema,1,3,5
jamrujaha,1,3,9
anju devi,1,3,9
puja,1,3,4
durga devi,1,3,10
ruchi,1,3,5
aru,1,3,3
chama,1,3,5
deepa,1,3,5
gulafsa,1,3,7
smt ladidavi,1,3,12
sui,1,3,3
gulista,1,3,7
kumari deepa,1,3,12
priya urf laxmi devi,1,3,20
jyoti devi,1,3,10
kesta devi,1,3,10
matul devi,1,3,10
inshi,1,3,5
mubshshira,1,3,10
so sarkar,1,3,9
neeru,1,3,5
poornima,1,3,8
guddi,1,3,5
sunita devi,1,3,11
shayra,1,3,6
neelam mehta,1,3,12
priya kumar,1,3,11
himani,1,3,6
sazi,1,3,4
rashida khatoon,1,3,15
radhika,1,3,7
ruzi khatun,1,3,11
kajol,1,3,5
rukmani,1,3,7
shaba,1,3,5
sarita,1,3,6
poom yadav,1,3,10
neelu,1,3,5
rangeeta,1,3,8
shahwaj,1,3,7
rimpy,1,3,5
saroj devi,1,3,10
seema chauhan,1,3,13
kumari gori,1,3,11
chumki,1,3,6
pooja chawriya,1,3,14
virjiniya,1,3,9
gulfasha,1,3,8
nirmla devi,1,3,11
saanu goyal,1,3,11
smt kaushalya,1,3,13
divya bharti,1,3,12
apsa,1,3,4
priti yadav,1,3,11
bharkah,1,3,7
deepali,1,3,7
mudsay,1,3,6
rubbi,1,3,5
ruksar,1,3,6
smt sushma,1,3,10
smt chancal,1,3,11
kusuma,1,3,6
sumnesh,1,3,7
lali,1,3,4
zaree,1,3,5
karishma,1,3,8
jasoda,1,3,6
shathi davi,1,3,11
nimla sharama,1,3,13
medevi,1,3,6
sut suman khatik,1,3,16
sameem,1,3,6
shrishti,1,3,8
jyoty,1,3,5
gudya singh,1,3,11
laxami,1,3,6
megha,1,3,5
kanga,1,3,5
garima,1,3,6
lalita devi,1,3,11
zrin,1,3,4
saraswati,1,3,9
bhatri,1,3,6
mobsheera haider,1,3,16
montu,1,3,5
madhu,1,3,5
mudrika,1,3,7
devi sharma,1,3,11
gytri garg,1,3,10
shashi,1,3,6
suganti,1,3,7
swati singh,1,3,11
nekki,1,3,5
khushi,1,3,6
kureja,1,3,6
anupama,1,3,7
gyatri,1,3,6
raj rani,1,3,8
ridhima,1,3,7
rekha kumari,1,3,12
nisha hajra,1,3,11
seeba,1,3,5
isha az,1,3,7
jeet,1,3,4
biwa kumari,1,3,11
gayatri,1,3,7
sunita verma,1,3,12
megha bansal,1,3,12
neni,1,3,4
surjeet kaur,1,3,12
nisha kapoor,1,3,12
parwati,1,3,7
kanta,1,3,5
prema devi,1,3,10
maya kumari,1,3,11
sajida,1,3,6
disha,1,3,5
mikxi,1,3,5
munni,1,3,5
smt vidhya tiwari,1,3,17
ranjeeta,1,3,8
smt shweta gupta,1,3,16
vibha,1,3,5
krish,1,3,5
asha devi,1,3,9
resham yadav,1,3,12
pavitra,1,3,7
manpreet kaur,1,3,13
bigan mehto,1,3,11
razia,1,3,5
pushpa,1,3,6
aman jeet,1,3,9
aman,1,3,4
indra,1,3,5
devi kanwar,1,3,11
manju kumari,1,3,12
parul,1,3,5
sabbo bano,1,3,10
bimlesh,1,3,7
chhabi rani dass,1,3,16
bindiya,1,3,7
santosh,1,3,7
tara kanwar,1,3,11
sarojini,1,3,8
phulka,1,3,6
krishka,1,3,7
ilema,1,3,5
sahar bano,1,3,10
sahiba,1,3,6
rita,1,3,4
bimla,1,3,5
rada,1,3,4
rahi,1,3,4
parvesh kumari,1,3,14
manorma,1,3,7
kirti ahuja,1,3,11
alam aara,1,3,9
priti rawat,1,3,11
kum mamta,1,3,9
tamsa,1,3,5
hoor bano,1,3,9
bhawa jat,1,3,9
harneet kaur,1,3,12
roshani,1,3,7
mansi raghav,1,3,12
sarita devi,1,3,11
sukhbir kaur,1,3,12
saveta,1,3,6
rakhi chauhan,1,3,13
rani,1,3,4
kafia,1,3,5
smt sarita,1,3,10
rubby,1,3,5
ankita kanwar rathore,1,3,21
kinya devi,1,3,10
shikha rai,1,3,10
kanika sharma,1,3,13
pallavi,1,3,7
sakshi,1,3,6
asgari bagam,1,3,12
mumtaz,1,3,6
kavita harijan,1,3,14
anupam,1,3,6
parniti,1,3,7
pappy,1,3,5
raziya,1,3,6
anita bai,1,3,9
diksha rani,1,3,11
jamila khatoon,1,3,14
sabha,1,3,5
durgash urf mahi,1,3,16
smt laxmi,1,3,9
rupa verma,1,3,10
ankita,1,3,6
marta,1,3,5
phoolmani,1,3,9
shiwani,1,3,7
parveen khatun,1,3,14
anju goyal,1,3,10
seem,1,3,4
hemraj,1,3,6
ramwati,1,3,7
imra,1,3,4
vaishali,1,3,8
kripya minch,1,3,12
pushpa sahu,1,3,11
som bano,1,3,8
rashika,1,3,7
bilke khatoon,1,3,13
pum,1,3,3
kulli devi,1,3,10
kali,1,3,4
komal berwal,1,3,12
kumari radha,1,3,12
chotti jha,1,3,10
sivani,1,3,6
shamima,1,3,7
smt muslima bibi,1,3,16
rama sharma,1,3,11
ranju devi,1,3,10
suli,1,3,4
zahira,1,3,6
purnima gosawmi,1,3,15
anshul,1,3,6
nisha singh,1,3,11
anjli,1,3,5
himansi,1,3,7
dharmshila,1,3,10
hemani,1,3,6
sunder munni kumari,1,3,19
smt lalita devi,1,3,15
sangeeta mahali,1,3,15
ranjita devi,1,3,12
sareen bano,1,3,11
soli,1,3,4
soni,1,3,4
gyan devi,1,3,9
neelam devi,1,3,11
vinod gupta,1,3,11
mamuni,1,3,6
raja devi,1,3,9
padma,1,3,5
jaya saini,1,3,10
poom mishra,1,3,11
madam sahj,1,3,10
jeta,1,3,4
vee,1,3,3
anu jain,1,3,8
padma devi,1,3,10
puja chauhan,1,3,12
vinod devi,1,3,10
ram pyari,1,3,9
sumitra,1,3,7
subhdra kumar,1,3,13
shallu,1,3,6
ahsamin,1,3,7
seetal rawat,1,3,12
kanti devi,1,3,10
maya devi,1,3,9
labbhi,1,3,6
shabm,1,3,5
kamlesh,1,3,7
kumari aasu,1,3,11
smt gulkasha,1,3,12
deepa bhatt,1,3,11
harpreet kaur,1,3,13
gauri,1,3,5
muskhan,1,3,7
annu sharma,1,3,11
smt shimla devi,1,3,15
santoshi,1,3,8
vinod kumar,1,3,11
nurbi,1,3,5
anil kumar,1,3,10
ramli rathore,1,3,13
beauty khatoon,1,3,14
sarvesh,1,3,7
pravee,1,3,6
reetu,1,3,5
lalita sharma,1,3,13
mundevi,1,3,7
smt panchi devi urf sita devi,1,3,29
sabi,1,3,4
mayuri,1,3,6
maheshar jahan,1,3,14
sukenta,1,3,7
sanja,1,3,5
maya bai,1,3,8
rozi sharma,1,3,11
sajia,1,3,5
shaving khatoon,1,3,15
smt gita,1,3,8
bitoo devi,1,3,10
genda,1,3,5
vidhya,1,3,6
smt neelam,1,3,10
aditya negi,1,3,11
smt rashni,1,3,10
gajala,1,3,6
kanta sharma,1,3,12
ravinder kaur asha,1,3,18
rukhsar,1,3,7
reha praveen,1,3,12
ritika,1,3,6
ritu,1,3,4
bhuri devi,1,3,10
amiraka,1,3,7
malvika,1,3,7
priti gujrati,1,3,13
gotiya gurjar,1,3,13
shveta,1,3,6
yasmin,1,3,6
nirvat,1,3,6
aaysha,1,3,6
preeti chaudhary,1,3,16
shikha,1,3,6
shah,1,3,4
dhapu bai,1,3,9
mausam,1,3,6
raini devi,1,3,10
smt shasi,1,3,9
smt lalita,1,3,10
chinki kanwar,1,3,13
ryani devi,1,3,10
sita devi,1,3,9
rach,1,3,4
jagrti,1,3,6
niti,1,3,4
pinky,1,3,5
tarun,1,3,5
sumirta,1,3,7
anjila,1,3,6
smt parvti devi,1,3,15
renuka,1,3,6
rajeshwari,1,3,10
savi,1,3,4
shaifali,1,3,8
ekta,1,3,4
tanya,1,3,5
beauty dass,1,3,11
aaya,1,3,4
anju kumari,1,3,11
shabi,1,3,5
dipika,1,3,6
urmila,1,3,6
jyoti joshi,1,3,11
smt vinod devi,1,3,14
doli,1,3,4
arti arora,1,3,10
dimple,1,3,6
sobha veshy,1,3,11
sim bano,1,3,8
smt ne devi,1,3,11
sangeeta shah,1,3,13
farha,1,3,5
santok luhar,1,3,12
aaradha,1,3,7
harshita poswal,1,3,15
bila,1,3,4
kavita devi,1,3,11
shakuntala sharma,1,3,17
sony,1,3,4
bobi,1,3,4
aradha,1,3,6
baby,1,3,4
miss geeta salvi,1,3,16
miss kamlesh,1,3,12
smt seema,1,3,9
parvesh,1,3,7
marya,1,3,5
rojmen,1,3,6
komal kumari,1,3,12
sug,1,3,3
radikha,1,3,7
meeta sharma,1,3,12
manpreet,1,3,8
saniya,1,3,6
savitri bai,1,3,11
farheen,1,3,7
shanichari,1,3,10
monika kanwar,1,3,13
kumari ritu,1,3,11
iqrar,1,3,5
gali,1,3,4
tanvi raheja,1,3,12
hema khatun,1,3,11
hasee,1,3,5
mamita,1,3,6
meekshi,1,3,7
tapsya tyagi,1,3,12
mrs leela,1,3,9
supriya,1,3,7
smt akhtri begam,1,3,16
ashanjali,1,3,9
marji,1,3,5
richa,1,3,5
rizwa,1,3,5
salmakhatun,1,3,11
beera,1,3,5
rgis,1,3,4
malti,1,3,5
pooja taneja,1,3,12
ramdulari,1,3,9
sheela,1,3,6
kumari kanta,1,3,12
usha sen,1,3,8
preeti singh,1,3,12
gajala parveen,1,3,14
ranja singh,1,3,11
jayanti,1,3,7
neha parveen,1,3,12
shrin,1,3,5
sagita,1,3,6
hyatun mulla,1,3,12
irshrat,1,3,7
firida,1,3,6
rajwati,1,3,7
priyak davi,1,3,11
tuba fatima,1,3,11
smt kanchan devi,1,3,16
radhabai,1,3,8
renu rajawat,1,3,12
ramila bai,1,3,10
jma,1,3,3
noor subha,1,3,10
devender kaur,1,3,13
shusila devi,1,3,12
ameera lakra,1,3,12
vinita,1,3,6
pooja gop,1,3,9
mahadevi,1,3,8
veenita,1,3,7
atta,1,3,4
dhola bai,1,3,9
vijeta sexa,1,3,11
aachal,1,3,6
gudiya,1,3,6
sajiya katun,1,3,12
mooli,1,3,5
paryanka,1,3,8
rekha mee,1,3,9
shanti,1,3,6
nikita,1,3,6
veela,1,3,5
sundga,1,3,6
farza,1,3,5
gulj,1,3,4
shahin,1,3,6
amrita,1,3,6
kama devi,1,3,9
ram kali,1,3,8
yukilal,1,3,7
smt sanja,1,3,9
miss leela,1,3,10
aasha rani,1,3,10
rozi,1,3,4
joyti,1,3,5
renu gupta,1,3,10
sushmita,1,3,8
paka,1,3,4
sanju urf sanjya,1,3,16
savitri,1,3,7
prinka jha,1,3,10
shipra,1,3,6
aafrin,1,3,6
gyaan kanwar,1,3,12
sharda devi,1,3,11
manisha garg,1,3,12
huma,1,3,4
anjara,1,3,6
sarla,1,3,5
meera devi,1,3,10
masuma khatun,1,3,13
jit,1,3,3
sunita bai,1,3,10
ravi,1,3,4
smt kavita,1,3,10
kumari priyanka,1,3,15
diksha  beby,1,3,12
chameli,1,3,7
rashi,1,3,5
yogeshwari goyait,1,3,17
sweta kumari,1,3,12
sonu,1,3,4
santi devi,1,3,10
sweeti,1,3,6
shital,1,3,6
nosi,1,3,4
pinky verma,1,3,11
rita gupta,1,3,10
safila,1,3,6
robi,1,3,4
pratibha,1,3,8
aashi,1,3,5
ladli,1,3,5
mangubai,1,3,8
sabiya,1,3,6
devi saraswati,1,3,14
ree jain,1,3,8
harshita chobe,1,3,14
komal panwar,1,3,12
kamlesh mehto,1,3,13
simmy mno,1,3,9
tulsi parashar,1,3,14
smt asha,1,3,8
smtsushil,1,3,9
rekha urf annu,1,3,14
khusbu,1,3,6
soli haldar,1,3,11
manju kumari kalbi,1,3,18
smt mun kumari,1,3,14
maya kvr,1,3,8
ganga devi,1,3,10
ashwani chhabra,1,3,15
bhumika chettri,1,3,15
asharani,1,3,8
arsi praveen,1,3,12
gayatri devi,1,3,12
mun kawar,1,3,9
seeta,1,3,5
ramesh roat,1,3,11
kanku dendor mee,1,3,16
varisha,1,3,7
bindu,1,3,5
bhaw,1,3,4
bindu devi,1,3,10
niru,1,3,4
jagviri,1,3,7
sangeeta mishra,1,3,15
sanju,1,3,5
bhuri vishw,1,3,11
savee,1,3,5
ramkali,1,3,7
savita devi,1,3,11
tarannum,1,3,8
smariti,1,3,7
savitri devi,1,3,12
roshni khan,1,3,11
tahira,1,3,6
rubo kumari,1,3,11
dulari,1,3,6
monika tyagi,1,3,12
kali devi,1,3,9
rashmi,1,3,6
sayara,1,3,6
tyara,1,3,5
sudama,1,3,6
sushila,1,3,7
gyarsi,1,3,6
bala devi,1,3,9
julekha banu,1,3,12
urvarshi,1,3,8
kalp,1,3,4
geetu,1,3,5
bahalen angriya,1,3,15
bhava,1,3,5
abida,1,3,5
jyoti kumari,1,3,12
manoj kanwar,1,3,12
guni divy,1,3,9
kali charan,1,3,11
zreen,1,3,5
samee,1,3,5
nirmala,1,3,7
ankita singh,1,3,12
smt savita,1,3,10
shima,1,3,5
smt ganga,1,3,9
smt sanju,1,3,9
saaniya,1,3,7
dixya kanwar,1,3,12
raminder kaur,1,3,13
sikha,1,3,5
ragni,1,3,5
gurpreet,1,3,8
anju agar,1,3,9
gaytri devi,1,3,11
rita devi,1,3,9
deepanshi,1,3,9
rbda,1,3,4
ganga,1,3,5
asmit kaur,1,3,10
kumari reshma,1,3,13
preti,1,3,5
eshavarya,1,3,9
arkali,1,3,6
manlisa bairwa,1,3,14
afarin,1,3,6
bhagya shree,1,3,12
alema,1,3,5
sudha,1,3,5
risabh,1,3,6
bhumika,1,3,7
paro,1,3,4
sapa sharma,1,3,11
ambika panwan,1,3,13
yashmin,1,3,7
bhagwati,1,3,8
sumalia,1,3,7
reetima,1,3,7
dharma devi,1,3,11
mamta jha,1,3,9
joyti sharma,1,3,12
hadisha,1,3,7
suhani singhal,1,3,14
meenu,1,3,5
sangeeta devi,1,3,13
barti,1,3,5
poom sharma,1,3,11
onginye gift okofor,1,3,19
reenu,1,3,5
kumari manjeet,1,3,14
sharda,1,3,6
zahat,1,3,5
smt shakuntala,1,3,14
nency,1,3,5
mamta negi,1,3,10
kawal kumari,1,3,12
lad bai,1,3,7
sarika panjawani,1,3,16
smt kamlesh,1,3,11
durgesh,1,3,7
san,1,3,3
vineta,1,3,6
kishmat,1,3,7
smt sali,1,3,8
vimla devi,1,3,10
tamn,1,3,4
kiran thapa,1,3,11
nishu,1,3,5
lakshmi,1,3,7
priya rawat,1,3,11
barkha,1,3,6
gulshtab,1,3,8
suchitra,1,3,8
saira bano,1,3,10
durga kumari,1,3,12
nikky singh,1,3,11
saba bano urf baiesa,1,3,20
dhakhadevi,1,3,10
smt sita,1,3,8
ambiya,1,3,6
premwati,1,3,8
miss kanika,1,3,11
preeti devi,1,3,11
ranja mukharji,1,3,14
munni rab,1,3,9
amuda,1,3,5
shakee,1,3,6
khairu nisha,1,3,12
mamata,1,3,6
resham,1,3,6
kumari nenu,1,3,11
kanchan balai,1,3,13
soki devi,1,3,9
shila devi,1,3,10
smt krisha devi,1,3,15
smt resham,1,3,10
pooga,1,3,5
alahbasri,1,3,9
ajmeri jaysmin,1,3,14
krisha,1,3,6
sangeeta kumari,1,3,15
karamjeet,1,3,9
smt ruby devi,1,3,13
rube,1,3,4
deepika sharma,1,3,14
varsha garg,1,3,11
gaytri bai,1,3,10
sashi kala,1,3,10
rajshree,1,3,8
sitra,1,3,5
sano devi,1,3,9
aditi,1,3,5
similata,1,3,8
sadh,1,3,4
rekha harijan,1,3,13
ravee,1,3,5
faree,1,3,5
fari,1,3,4
bee,1,3,3
sumentra,1,3,8
kumari sahista,1,3,14
mukti,1,3,5
poga,1,3,4
gulsa,1,3,5
annu,1,3,4
manjeet,1,3,7
bhatari,1,3,7
niranjan,1,3,8
shahz,1,3,5
arati,1,3,5
pooja soni,1,3,10
roshan aara begam,1,3,17
roshara begam,1,3,13
rinku,1,3,5
sim,1,3,3
smt kushma devi,1,3,15
pushpa devi,1,3,11
shiba,1,3,5
pavi,1,3,4
gulfsa,1,3,6
kherul nisha,1,3,12
hi parvin,1,3,9
sanju bai,1,3,9
ashra kaushar,1,3,13
shaba begam,1,3,11
anjum,1,3,5
arzoo,1,3,5
shiva bai,1,3,9
huseni bano,1,3,11
smtsehran,1,3,9
rinesh,1,3,6
meenu bahadur,1,3,13
kumari sanju,1,3,12
harmit kor,1,3,10
geeta rani barman,1,3,17
re bai,1,3,6
aanchal,1,3,7
madhuni haldar,1,3,14
rgis bano,1,3,9
neha raj,1,3,8
suman rani,1,3,10
anju bala,1,3,9
sonia devi,1,3,10
nitasha,1,3,7
antim,1,3,5
sushila kapoor,1,3,14
neha verma,1,3,10
pinki devi,1,3,10
riha,1,3,4
juhi,1,3,4
ami begam,1,3,9
pooja devi,1,3,10
kumari arti,1,3,11
manka,1,3,5
manni bai,1,3,9
priyanka tirki,1,3,14
amasi munda,1,3,11
lata,1,3,4
tanushri,1,3,8
komal bharti,1,3,12
santosh kumari,1,3,14
khushbu rani,1,3,12
bakila,1,3,6
mita,1,3,4
neelam kaur,1,3,11
urwashi,1,3,7
lisha,1,3,5
mamta bai,1,3,9
satwanti,1,3,8
shanu,1,3,5
mra parvez,1,3,10
aasma,1,3,5
dev kanwar,1,3,10
munni devi,1,3,10
seeta devi,1,3,10
twinkal,1,3,7
vakila,1,3,6
saneha sharma,1,3,13
rajani,1,3,6
harprit,1,3,7
nisha devi,1,3,10
kumari jyoti,1,3,12
rani devi,1,3,9
rubi jahan,1,3,10
smt gulista,1,3,11
bhav oad,1,3,8
birmadevi,1,3,9
simran bhishat,1,3,14
laxmi sharma,1,3,12
sufia,1,3,5
soli urf juhi,1,3,13
krishma,1,3,7
muli,1,3,4
firdosh bano,1,3,12
soo bai,1,3,7
kumari anjali,1,3,13
smt sudesh davi,1,3,15
premlata,1,3,8
manormapal,1,3,10
kismat,1,3,6
megha bhasin,1,3,12
mahak,1,3,5
alap,1,3,4
goldy,1,3,5
mohini singh,1,3,12
mala witrh two child ritik age,1,3,30
sehj,1,3,4
alseepa,1,3,7
jafrin,1,3,6
diksha soni,1,3,11
ram singh,1,3,9
hema aikka,1,3,10
diksha,1,3,6
anja mahajan,1,3,12
mariyam,1,3,7
jrin,1,3,4
sitara khatun,1,3,13
darkash,1,3,7
noor jah,1,3,8
tarnnum,1,3,7
anjali kiski,1,3,12
shiv devi,1,3,9
tumpa das,1,3,9
babita khatoon,1,3,14
mohsee,1,3,6
khushboo sharma,1,3,15
shanti bai,1,3,10
tulsi,1,3,5
dayawati,1,3,8
sanj,1,3,4
shahz khatum,1,3,12
binnu,1,3,5
kamla devi,1,3,10
tumpa,1,3,5
laxita,1,3,6
piryanka,1,3,8
runiya,1,3,6
jhar,1,3,4
nirja,1,3,5
smt sobha,1,3,9
jyoti gosyami,1,3,13
mangi bai,1,3,9
suntia,1,3,6
divya sharma,1,3,12
jaspreet,1,3,8
rimjhim,1,3,7
shruti,1,3,6
shadha,1,3,6
reemi sarkar,1,3,12
varsha bagalia,1,3,14
sabm khatun,1,3,11
hini bibi,1,3,9
sangeta,1,3,7
bharti devi,1,3,11
nirosha,1,3,7
kavita bai,1,3,10
smt madi,1,3,8
uma,1,3,3
sama parveen,1,3,12
asa,1,3,3
arsi,1,3,4
kajal kumari,1,3,12
anchal,1,3,6
kosar bano,1,3,10
varsha sharma,1,3,13
megha das,1,3,9
kalyani kumari,1,3,14
unknown,1,3,7
sunita kaur,1,3,11
rajiya,1,3,6
saviha,1,3,6
surbhi,1,3,6
paramjeet kour,1,3,14
nikita pahlwani,1,3,15
jyoti sharma,1,3,12
sumitra devi,1,3,12
rashi bansal,1,3,12
kalp singh,1,3,10
uma yadav,1,3,9
geeta saini,1,3,11
aazadi,1,3,6
mai,1,3,3
sema devi,1,3,9
aarifun bivi,1,3,12
smt deepanshi,1,3,13
sulta begam,1,3,11
smt preeti,1,3,10
rita rani,1,3,9
suman kushwah,1,3,13
anushka kanwar,1,3,14
gita,1,3,4
fakiri,1,3,6
ali,1,3,3
frra,1,3,4
tripti rawat,1,3,12
sh lata,1,3,7
rekha vays,1,3,10
nehal,1,3,5
lata sharma,1,3,11
kirti,1,3,5
nusrat parveen,1,3,14
lali nisha,1,3,10
zi kumari,1,3,9
pushpa thapa,1,3,12
usha parman,1,3,11
shkuntala,1,3,9
smt surbhi,1,3,10
simranjeet kaur,1,3,15
shakuntla,1,3,9
vishal,1,3,6
kumari jeda,1,3,11
sabenoor,1,3,8
anusoya,1,3,7
ashman praveen,1,3,14
riya kashyap,1,3,12
payal ahari,1,3,11
deepa singh,1,3,11
inderjeet kour,1,3,14
sabee,1,3,5
aasha,1,3,5
smt devli,1,3,9
smt kala,1,3,8
kawita,1,3,6
smt rmda,1,3,8
priya kumari,1,3,12
rabi khatun,1,3,11
habiba,1,3,6
phalguni,1,3,8
manisha bhardwaj,1,3,16
akash,1,3,5
marti kalasua,1,3,13
rubi devi,1,3,9
mehwish,1,3,7
jeba,1,3,4
jasmen,1,3,6
manisha sharma,1,3,14
fareen,1,3,6
bhanweri,1,3,8
meexi,1,3,5
preeti chopra,1,3,13
tanya chopra,1,3,12
veronika bhinder,1,3,16
kumari payal sharma,1,3,19
kumari puja,1,3,11
sunil kumar,1,3,11
sumanthra,1,3,9
gyarsi devi,1,3,11
anshu gupta,1,3,11
durgesh suman,1,3,13
rajiya bano,1,3,11
saalu,1,3,5
pushapa,1,3,7
anja kumari,1,3,11
rinku devi,1,3,10
noor jha,1,3,8
noorjaha,1,3,8
smt renu,1,3,8
rekha davi,1,3,10
himanshu,1,3,8
farja,1,3,5
husainpreet kour,1,3,16
som kumari,1,3,10
smt anita,1,3,9
kavita kumari,1,3,13
rafat yashmeen,1,3,14
gulsan khatoon,1,3,14
tannu,1,3,5
manish,1,3,6
divya kapoor,1,3,12
vineeta,1,3,7
durga bai,1,3,9
parem devi urf gothi,1,3,20
pragti,1,3,6
nimmy,1,3,5
priti tomar,1,3,11
roshan bai,1,3,10
sushma ra,1,3,9
sudershan bala,1,3,14
swata mishra,1,3,12
ree saini,1,3,9
kashish,1,3,7
nidhi,1,3,5
jant,1,3,4
shreemati nirmala padwala,1,3,25
kumari vinita,1,3,13
parwati devi,1,3,12
mishbha sams,1,3,12
vee sharma,1,3,10
so bai,1,3,6
smt nisha,1,3,9
haile,1,3,5
kumari sonu,1,3,11
krish devi,1,3,10
mohsi begum,1,3,11
jomiya,1,3,6
gauri ra,1,3,8
mushkan,1,3,7
gopi,1,3,4
jiya batra,1,3,10
deepti bhargav,1,3,14
babbu singh,1,3,11
saha,1,3,4
shahi,1,3,5
rini,1,3,4
smt pinki,1,3,9
kumari racha,1,3,12
lalita kumari,1,3,13
javitri,1,3,7
amisha,1,3,6
panchuri,1,3,8
deepanshi jain,1,3,14
ruhi khatoon,1,3,12
aanya,1,3,5
sangita,1,3,7
gendi,1,3,5
poom devi,1,3,9
sus shri aalabndi,1,3,17
shabbenour,1,3,10
gango devi,1,3,10
lata thakur,1,3,11
sosri bai,1,3,9
shama parveen,1,3,13
susma,1,3,5
shawaz,1,3,6
jaib,1,3,4
renu kumari,1,3,11
mohd aslam,1,3,10
uzma,1,3,4
rgish,1,3,5
mamta begam,1,3,11
deepa shersht,1,3,13
hansa dave,1,3,10
vijay kumar,1,3,11
kamlesh kanwar,1,3,14
kumari praya,1,3,12
chanchl,1,3,7
neema rebari,1,3,12
sia bu,1,3,6
soni khati,1,3,10
jashgul kaur,1,3,12
pooja gujar,1,3,11
shweta,1,3,6
alisha khan,1,3,11
anisha,1,3,6
muskarn,1,3,7
saru,1,3,4
murji,1,3,5
bi bai,1,3,6
honey,1,3,5
lovely,1,3,6
saba,1,3,4
suha baano,1,3,10
jyoti jingir,1,3,12
smt rajni,1,3,9
vijeta,1,3,6
rubee,1,3,5
balalia ngadong,1,3,15
surekha,1,3,7
manno,1,3,5
shobi,1,3,5
nikki,1,3,5
suhani devi,1,3,11
pooja garg,1,3,10
joity,1,3,5
som sania,1,3,9
foranta,1,3,7
pammi,1,3,5
menu kashyap,1,3,12
sania parveen,1,3,13
tania parveen,1,3,13
smt kanya devi,1,3,14
kamla yadav,1,3,11
priyanka das,1,3,12
ruckmani,1,3,8
takshila arora,1,3,14
suman gungi,1,3,11
sulekha,1,3,7
sweta sharma,1,3,12
puja yadav,1,3,10
shilpi,1,3,6
sidhi,1,3,5
pinki yadav,1,3,11
smt ree,1,3,7
amrit pal,1,3,9
shiva,1,3,5
nirmla,1,3,6
bhanu priya,1,3,11
kaushal,1,3,7
rita jain,1,3,9
shabreen,1,3,8
smt udi,1,3,7
smt puja,1,3,8
lada bai marubhat,1,3,17
girishch,1,3,8
smt durga devi,1,3,14
smt munni,1,3,9
ilma,1,3,4
seema devi,1,3,10
sheela devi,1,3,11
jaswinder kaur,1,3,14
gurpreet kaur,1,3,13
harinder kaur,1,3,13
rema,1,3,4
lali davi,1,3,9
anshiya mehta,1,3,13
triveni,1,3,7
razida khatoon,1,3,14
sony parveen,1,3,12
puspa,1,3,5
priya gupta,1,3,11
jincy varghese,1,3,14
rok,1,3,3
ushi,1,3,4
leela mee,1,3,9
iesha,1,3,5
almi,1,3,4
poom soni,1,3,9
cosmic,1,3,6
pooja panwar,1,3,12
shilpi kumari,1,3,13
kisha bai,1,3,9
sangeeta jan,1,3,12
sujata,1,3,6
nirjala,1,3,7
saral,1,3,5
lila,1,3,4
mehak,1,3,5
rabin,1,3,5
kamrulnisha,1,3,11
sudhama,1,3,7
armita,1,3,6
vimal verma,1,3,11
smtranni,1,3,8
sapa,1,3,4
rohini,1,3,6
neha gupta,1,3,10
susri madhuri,1,3,13
renu devi,1,3,9
saloni,1,3,6
gulshafa,1,3,8
imaman khatoon,1,3,14
uma verma,1,3,9
aliya,1,3,5
lalita choudhry,1,3,15
smt gayatri,1,3,11
anita suthar,1,3,12
babali,1,3,6
sawa,1,3,4
satya,1,3,5
savita sharma,1,3,13
ramesh dutt,1,3,11
harpreet gil,1,3,12
fazia,1,3,5
afsha,1,3,5
faaija,1,3,6
amarin,1,3,6
razia sultan,1,3,12
razni,1,3,5
musra khatoon,1,3,13
sutiya,1,3,6
nootan,1,3,6
anshita singh,1,3,13
prinka,1,3,6
sonu bhawsar,1,3,12
farhib,1,3,6
kelama devi,1,3,11
jasmi,1,3,5
shgita,1,3,6
shorav,1,3,6
lakhya do sherppa,1,3,17
manbharbai,1,3,10
diya sharma,1,3,11
ruby panwar,1,3,11
rekha bai,1,3,9
smt bhanwari,1,3,12
smt bholi devi,1,3,14
hansa,1,3,5
palvi sharma,1,3,12
killo kumari,1,3,12
anoopama,1,3,8
arshi bisht,1,3,11
bima,1,3,4
smt shila,1,3,9
preeti joshi,1,3,12
laxmi divi,1,3,10
smt hasi,1,3,8
kumari som,1,3,10
smt doli,1,3,8
mamtha,1,3,6
pramila katara,1,3,14
lakhsmi devi,1,3,12
sulta,1,3,5
nidhi jaysika,1,3,13
sonika,1,3,6
nirma,1,3,5
khushbhu,1,3,8
kumari rani,1,3,11
payal kumari,1,3,12
moni devi,1,3,9
smt gunjan,1,3,10
suman shakawat,1,3,14
resham talwar,1,3,13
anita sharma,1,3,12
yasmin banu,1,3,11
smt rekha,1,3,9
bhanu sharma,1,3,12
ncy saxe,1,3,8
pinki sharma,1,3,12
suhagini,1,3,8
reekha,1,3,6
aashma,1,3,6
dali,1,3,4
smt guddi,1,3,9
tabssum,1,3,7
manisha rani,1,3,12
aansi devi,1,3,10
dipanshi,1,3,8
kesha,1,3,5
padama bai luhar,1,3,16
babby,1,3,5
taman,1,3,5
radha bai,1,3,9
so sood,1,3,7
smt tara devi,1,3,13
pooja chauhan,1,3,13
manju yak,1,3,9
jay shree panchal,1,3,17
sunita rani,1,3,11
neetu yadav,1,3,11
ziya,1,3,4
smt monika bajaj,1,3,16
lal baano,1,3,9
liladevi,1,3,8
devika goyal,1,3,12
hemlata pathak,1,3,14
rani sharma,1,3,11
smt jaimala,1,3,11
smt hanja bai,1,3,13
tisha urf megha sen,1,3,19
mrs nki,1,3,7
amika,1,3,5
sahida laskar,1,3,13
ashtha,1,3,6
nirmla koli,1,3,11
parwati balai,1,3,13
sangeeta mee,1,3,12
urmila bai,1,3,10
seema dangi,1,3,11
kumari sunita,1,3,13
rupender kaur,1,3,13
smt kanchan,1,3,11
ikara noor,1,3,10
rukmani devi,1,3,12
gma khan,1,3,8
gila bai,1,3,8
sanju devi,1,3,10
priya mishra,1,3,12
nehal kumari,1,3,12
saha praveen,1,3,12
shamshi,1,3,7
priyanshu,1,3,9
renu joshi,1,3,10
shushma,1,3,7
shashi shrada khalko,1,3,20
anita rajput,1,3,12
arthi,1,3,5
sobha,1,3,5
rasida khan,1,3,11
seema uraf lalita,1,3,17
jyoti shahu,1,3,11
vijay laxmi,1,3,11
smt savita devi,1,3,15
roji,1,3,4
vidha baghel,1,3,12
dinesh kumari,1,3,13
leela kumari,1,3,12
raju devi,1,3,9
basiran,1,3,7
phul kumari,1,3,11
manisha kumari,1,3,14
nitu,1,3,4
jai shree,1,3,9
rima,1,3,4
kumari suman,1,3,12
laltes,1,3,6
mala,1,3,4
shivani bhatgar,1,3,15
champa,1,3,6
hema,1,3,4
sharadhha,1,3,9
gunjan devi,1,3,11
mosmi sekh,1,3,10
arshla,1,3,6
kiriti,1,3,6
smtmamta devi,1,3,13
smt kristi,1,3,10
gaura kuletha,1,3,13
rajindre,1,3,8
sahi,1,3,4
jasmeet kour,1,3,12
dhaneswar dass,1,3,14
reshma ahari,1,3,12
simran dhawan,1,3,13
ashu,1,3,4
pulita,1,3,6
krishma tomar,1,3,13
sangita devi,1,3,12
shobha,1,3,6
fozia,1,3,5
moti devi,1,3,9
lila bai,1,3,8
chhaya,1,3,6
smt ranu,1,3,8
khushsiba,1,3,9
suloch devi,1,3,11
anita kunwar,1,3,12
vin,1,3,3
smt sumitra,1,3,11
kirpa,1,3,5
gma begam,1,3,9
kavita talash,1,3,13
saima,1,3,5
neeta devi,1,3,10
hazra,1,3,5
jameela,1,3,7
pinkee,1,3,6
veero,1,3,5
pryanika,1,3,8
mithu,1,3,5
meenu vishwas,1,3,13
rucksa,1,3,6
shalini,1,3,7
santosh devi,1,3,12
smt kamala davi,1,3,15
shankar,1,3,7
binita,1,3,6
kushum,1,3,6
sartaj,1,3,6
smt babbli,1,3,10
smt choti devi,1,3,14
pushpan,1,3,7
skutla,1,3,6
noorjahan,1,3,9
jni,1,3,3
megha gupta,1,3,11
tanu,1,3,4
munni sharma,1,3,12
rukiya bano,1,3,11
subhagya,1,3,8
vijaya devi,1,3,11
shahzadi,1,3,8
babli kumari,1,3,12
mustki begam,1,3,12
rukshar,1,3,7
luxmi,1,3,5
dumani munda,1,3,12
priti kaur,1,3,10
anguri,1,3,6
praveen,1,3,7
smt ti,1,3,6
kumari hemlata,1,3,14
hema mali,1,3,9
ekta sharma,1,3,11
smt madhu,1,3,9
mumtaj,1,3,6
hee parveen,1,3,11
tripta,1,3,6
deepika tomar,1,3,13
anita kerketa,1,3,13
siza,1,3,4
no sabroon khan,1,3,15
pyari,1,3,5
vimlesh,1,3,7
sarsawati devi,1,3,14
shushila balai,1,3,14
tulsha,1,3,6
soli bankoti,1,3,12
smtganga devi,1,3,13
hazu roat,1,3,9
khusbu regar,1,3,12
kanku,1,3,5
bala,1,3,4
dwarika gurjar,1,3,14
karsha,1,3,6
suman devi,1,3,10
faui,1,3,4
faiji,1,3,5
smt parmila,1,3,11
smt krisha,1,3,10
pryinka,1,3,7
tarnum,1,3,6
roopa,1,3,5
pushpa sinha,1,3,12
smt shalu,1,3,9
lakhbir kaur,1,3,12
seweta,1,3,6
hemanti aary,1,3,12
mariyam sarjo,1,3,13
durga pathik,1,3,12
zia khan,1,3,8
pooja rani,1,3,10
gori,1,3,4
kaushar,1,3,7
smt sapa,1,3,8
philomi,1,3,7
smt gudiya,1,3,10
kailaki devi,1,3,12
kastoori,1,3,8
sarika,1,3,6
salma khatun,1,3,12
farah khan,1,3,10
manju bai,1,3,9
prinka bhanshali,1,3,16
phulbi,1,3,6
smt babita,1,3,10
hi kanwar,1,3,9
manu,1,3,4
harshi,1,3,6
aastha thakur,1,3,13
lata kumari,1,3,11
phool watiya devi,1,3,17
shobha bano,1,3,11
smt sonu kumari,1,3,15
vimlesh gujar,1,3,13
smt richa sharma,1,3,16
smt soni,1,3,8
smt ratani,1,3,10
indra megwal,1,3,12
kumari ranjita,1,3,14
komal tiwari,1,3,12
priyanka rawat,1,3,14
aman deep kaur,1,3,14
lavpreet kour,1,3,13
priyanka rani,1,3,13
smt sakura brn,1,3,14
jarim,1,3,5
mira devi,1,3,9
aami,1,3,4
mamini,1,3,6
shilly parveen,1,3,14
pooja sharma,1,3,12
meti kumari,1,3,11
mo verma,1,3,8
smt kavita bai,1,3,14
rupanjali patiri,1,3,16
shabi praveen,1,3,13
sarah wells,1,3,11
ranjit kaur,1,3,11
aarti rajpoot,1,3,13
jam devi,1,3,8
suman sharma,1,3,12
gulfsal,1,3,7
hamim,1,3,5
sabba,1,3,5
kriti,1,3,5
nigar khan,1,3,10
lahida,1,3,6
aarti diwakar,1,3,13
annu devi,1,3,9
amba balai,1,3,10
komal sharma,1,3,12
diksha chaudhary,1,3,16
suy,1,3,3
kaushalya devi,1,3,14
ri devi,1,3,7
ratmo devi,1,3,10
keshanti,1,3,8
dholi devi,1,3,10
manju roy,1,3,9
danista paveen,1,3,14
sheetal verma,1,3,13
kusumlata,1,3,9
rani kumari,1,3,11
aarti sharma,1,3,12
kumari pallavi,1,3,14
tee,1,3,3
tara devi,1,3,9
mithlesh,1,3,8
aesha,1,3,5
vishakha,1,3,8
fool kunwar,1,3,11
purva,1,3,5
deepa kumari,1,3,12
nenshi,1,3,6
smt archa,1,3,9
jaya,1,3,4
smt sangeeta urf sonu,1,3,21
jhuma,1,3,5
sa khatoon,1,3,10
bhopal singh,1,3,12
surki devi,1,3,10
shrabani saha,1,3,13
umda khatoon,1,3,12
divy puri,1,3,9
deepa chauhan,1,3,13
rajinder kaur,1,3,13
kanta devi,1,3,10
anu kumari,1,3,10
seema kunwar,1,3,12
smt maya devi,1,3,13
sehjal,1,3,6
sehz,1,3,4
nisha pradhan,1,3,13
anita vohra,1,3,11
nooreen aarsi,1,3,13
saridevi,1,3,8
jyotsa mohti,1,3,12
srin jaira,1,3,10
smt baikunthi devi,1,3,18
saziya,1,3,6
karamjeet kour,1,3,14
pinki kumari,1,3,12
jaitun,1,3,6
gulfasa,1,3,7
sudesh,1,3,6
shumita,1,3,7
zaib,1,3,4
kumari roshan,1,3,13
bhuri,1,3,5
rabiya,1,3,6
chhoti devi,1,3,11
koyali,1,3,6
javuneesha,1,3,10
kismti khatoon,1,3,14
amritha,1,3,7
bindi budra,1,3,11
shba khatun,1,3,11
shalu sabarwal,1,3,14
sahz,1,3,4
santo,1,3,5
paramshela,1,3,10
shabra,1,3,6
farha parvin,1,3,12
sayda begam,1,3,11
beeuty kumari,1,3,13
devika,1,3,6
tabassum,1,3,8
neha kumari,1,3,11
sa fatma,1,3,8
gunjan,1,3,6
tannu saini,1,3,11
smt usha,1,3,8
mee begum,1,3,9
daulat banno,1,3,12
hid fatima,1,3,10
ranu,1,3,4
sarmila devi,1,3,12
gilbahar,1,3,8
yasmeen,1,3,7
rmda,1,3,4
ritika sharma,1,3,13
shaz,1,3,4
neeli nirmala,1,3,13
shakti kumari,1,3,13
sim hathun,1,3,10
smt,1,3,3
anshika kumari,1,3,14
nveet kaur,1,3,10
shashi kala,1,3,11
farjanul nisha,1,3,14
simpi kumari,1,3,12
sah,1,3,3
sagrika,1,3,7
smt mithlesh,1,3,12
kumari himani,1,3,13
kumari samrin z,1,3,15
kumari farhin,1,3,13
meeramai,1,3,8
vimla kumari,1,3,12
kumari dipti,1,3,12
rampayari,1,3,9
smtbee chouhan,1,3,14
mnisha,1,3,6
seema mee,1,3,9
sabhya shrama,1,3,13
sushma devi,1,3,11
champa devi,1,3,11
bitto,1,3,5
khashbu,1,3,7
kamar jahan,1,3,11
smt prem devi,1,3,13
dolat bano,1,3,10
sudesh rani,1,3,11
geet,1,3,4
kusum devi,1,3,10
smt aam devi,1,3,12
mosam kumari,1,3,12
alisha loomba,1,3,13
amreen,1,3,6
rashid,1,3,6
ujama parveen,1,3,13
mony,1,3,4
pariksha,1,3,8
shiva noz,1,3,9
mem,1,3,3
sumita devi,1,3,11
kusuma devi,1,3,11
sa praveen,1,3,10
sunita haddu,1,3,12
dhapu,1,3,5
pushpa bhil,1,3,11
kunti,1,3,5
rekha chilwal,1,3,13
vikshi,1,3,6
sahaja,1,3,6
snja,1,3,4
birtha devi,1,3,11
kiran kanwar,1,3,12
kumari archa,1,3,12
preeti gupta,1,3,12
smt laxmi bai,1,3,13
smt nhi devi,1,3,12
gma praveen,1,3,11
suman uppal,1,3,11
premo devi,1,3,10
jasvir kaur,1,3,11
soma,1,3,4
kumari rekha theniyal,1,3,21
aashu,1,3,5
priti sagar,1,3,11
manita,1,3,6
sheensar pal,1,3,12
rajo sharma,1,3,11
sayada,1,3,6
muskaan,1,3,7
simran kaur,1,3,11
anshika,1,3,7
samved,1,3,6
sadha,1,3,5
smt mee,1,3,7
sharmila,1,3,8
pratibha devi,1,3,13
ravinder kaur,1,3,13
kalpa,1,3,5
tehmi,1,3,5
kamala,1,3,6
smt geeta,1,3,9
smt mamta,1,3,9
renuka parmar,1,3,13
kanchaniya,1,3,10
lakhsmi,1,3,7
birmati,1,3,7
kela kanwar,1,3,11
bhaggo devi,1,3,11
mamta kumari,1,3,12
vee gupta,1,3,9
ranjita,1,3,7
sazya,1,3,5
seema bai,1,3,9
batasi,1,3,6
jaimati,1,3,7
amijan,1,3,6
fatma,1,3,5
hamsiran,1,3,8
mammta,1,3,6
kumari bhabya goyal,1,3,19
gendi bai,1,3,9
vimala,1,3,6
ujamma,1,3,6
ajju,1,3,4
gajwanti,1,3,8
selars,1,3,6
janki kumari,1,3,12
kumari anju rawat,1,3,17
riya,1,3,4
pratibha pareek,1,3,15
deepali arora,1,3,13
somwati,1,3,7
poom das,1,3,8
say parveen,1,3,11
rawa khatoon,1,3,12
sirish,1,3,6
mainka kumari,1,3,13
sabreen khatun,1,3,14
mabiya,1,3,6
bhagirathi,1,3,10
rahnuma,1,3,7
manisa,1,3,6
smt sefali das,1,3,14
prem devi,1,3,9
kaifiya siddaki,1,3,15
firdous,1,3,7
smt rita dewan,1,3,14
nirmal kaur,1,3,11
santara,1,3,7
jhuhi,1,3,5
deeksha,1,3,7
akram,1,3,5
gunja devi,1,3,10
smt mholani,1,3,11
taru,1,3,4
smt hi,1,3,6
mixi chakma,1,3,11
sahaj khatun,1,3,12
zari,1,3,4
archa singh,1,3,11
rinky devi,1,3,10
yashsvi sharma,1,3,14
kum savitri,1,3,11
sreema khatoon,1,3,14
safali das,1,3,10
kumari leli,1,3,11
vineta kunwar,1,3,13
badami,1,3,6
smt uma halshi,1,3,14
sakuntala gulati,1,3,16
khubhu,1,3,6
manmeet kaur,1,3,12
punit,1,3,5
rukshan,1,3,7
sufiya,1,3,6
indu devi,1,3,9
mrs neha,1,3,8
ruby bhoura,1,3,11
ramdhani,1,3,8
bohati devi,1,3,11
phooli devi,1,3,11
prem bai,1,3,8
kalavati,1,3,8
smt ladu kunwar,1,3,15
rajudi doda,1,3,11
smtlaxmi,1,3,8
babita kaushik,1,3,14
meenu devi,1,3,10
sam lohar,1,3,9
mehj,1,3,4
panchu,1,3,6
kali urf rakha,1,3,14
raji biwi,1,3,9
arji,1,3,4
smt baleshwari,1,3,14
smt sudha,1,3,9
revti,1,3,5
ranja devi,1,3,10
prem lata,1,3,9
nisha kumari,1,3,12
seva pati,1,3,9
foranti,1,3,7
shakuntala devi,1,3,15
bharti jain,1,3,11
dipali,1,3,6
smt bhgavti devi,1,3,16
smt paramjeet,1,3,13
sunita kumari,1,3,13
saha parveen,1,3,12
tabwsum,1,3,7
rajkumari yadav,1,3,15
ritika rani dass,1,3,16
manbhar bai,1,3,11
palvinder kaur,1,3,14
jam,1,3,3
gulz,1,3,4
jama devi,1,3,9
mrs soni,1,3,8
krishama,1,3,8
godambari devi,1,3,14
saista,1,3,6
dali devi,1,3,9
bebi,1,3,4
suman lata,1,3,10
anushka sharma,1,3,14
sap porwal,1,3,10
zma,1,3,3
jaree,1,3,5
gurmit kaur,1,3,11
smt sushila,1,3,11
komal devi,1,3,10
sonu yadav,1,3,10
neraj,1,3,5
husi,1,3,4
pramila urf pinki,1,3,17
pallvi,1,3,6
gulshan jha,1,3,11
aysha,1,3,5
mallika jayaswal,1,3,16
mallik jayswal,1,3,14
gyatri devi,1,3,11
sujata dhawan,1,3,13
rubi khatoon,1,3,12
smt dhakha devi,1,3,15
shanta koul,1,3,11
gia,1,3,3
varsh,1,3,5
diya,1,3,4
baljeet kaur,1,3,12
lalita luthra,1,3,13
shanti gosai,1,3,12
kumari varsha,1,3,13
annu soni,1,3,9
vijayanta,1,3,9
smt hasmi,1,3,9
tarawati devi,1,3,13
sagufta,1,3,7
somi toddu,1,3,10
aaliya,1,3,6
veeda,1,3,5
smt phuli devi,1,3,14
ankita negi,1,3,11
husa bano,1,3,9
tasha,1,3,5
sumaila,1,3,7
mili,1,3,4
anno,1,3,4
bhav suthar,1,3,11
bhav makwa,1,3,10
mamta kakker,1,3,12
shiva singh,1,3,11
parmita ray,1,3,11
ravinda kumari,1,3,14
kanchan kumari,1,3,14
saja,1,3,4
paru devi,1,3,9
smt usha jatav,1,3,14
shai,1,3,4
aarti shaha,1,3,11
gudiya kumari,1,3,13
lalita bai,1,3,10
apar,1,3,4
sujeet kumar,1,3,12
deepika jain,1,3,12
preet,1,3,5
phool kumari,1,3,12
nilam,1,3,5
arch marwha,1,3,11
fareem,1,3,6
sumitra roat,1,3,12
priya mali,1,3,10
smt kelashi,1,3,11
chhavi,1,3,6
hee praveen,1,3,11
rajwanti,1,3,8
miksi mehra,1,3,11
seeriya bibi,1,3,12
sweta tamka,1,3,11
jasvinder kaur,1,3,14
alita kujur,1,3,11
asha idu,1,3,8
kumari manisha,1,3,14
preeti kumari,1,3,13
omwati,1,3,6
sonu jangir,1,3,11
veejita,1,3,7
taslima,1,3,7
ajnoor baby,1,3,11
lila kumari,1,3,11
smt murti devi,1,3,14
radhadalal,1,3,10
neha singh,1,3,10
chab,1,3,4
garima bhardwaj,1,3,15
munjira bibi,1,3,12
kailash kour,1,3,12
suman gar,1,3,9
anil sharma,1,3,11
rahil perveen,1,3,13
rama,1,3,4
suhaliya,1,3,8
neesa,1,3,5
inderjit kaur,1,3,13
sanju singh,1,3,11
ravita,1,3,6
samoti,1,3,6
samiron,1,3,7
murshida,1,3,8
jaya parbha,1,3,11
mairi jeems,1,3,11
smt aru ekka,1,3,12
kasumbi,1,3,7
rave,1,3,4
neetu sharma,1,3,12
alisha,1,3,6
kavita gochar,1,3,13
sami,1,3,4
fuli paagdiya,1,3,13
raju damor,1,3,10
pooja bairwa,1,3,12
indra kanwar,1,3,12
moni,1,3,4
gaytri,1,3,6
smt indira bai,1,3,14
jaydurga,1,3,8
nikil mishra,1,3,12
monika panchal,1,3,14
smt deepmala,1,3,12
pintu devi,1,3,10
rimzim,1,3,6
kusum mee,1,3,9
kamlesh krant,1,3,13
ravi kumari,1,3,11
aishwarya,1,3,9
bhudevi,1,3,7
seeta masar,1,3,11
monu,1,3,4
sashi pal,1,3,9
farida khan,1,3,11
simmi,1,3,5
tanuja devi,1,3,11
raj kumari yadav,1,3,16
tane jain,1,3,9
smt niru,1,3,8
sheela bhat,1,3,11
karishma devi,1,3,13
mashli,1,3,6
shabi khan,1,3,10
sunder bai,1,3,10
dilkhush,1,3,8
shree susila bali,1,3,17
sachi,1,3,5
nisha sharma,1,3,12
sharda kharadi,1,3,14
roshani bhati,1,3,13
ruksha khatun,1,3,13
bhagwanti,1,3,9
tumpa mundal,1,3,12
ekta hans,1,3,9
hid,1,3,3
sobha devi,1,3,10
januka,1,3,6
anja,1,3,4
saimun nisha,1,3,12
zibuneesha,1,3,10
tee bhambi,1,3,10
mehronisha,1,3,10
babita devi,1,3,11
swaranjeet kaur,1,3,15
pramila,1,3,7
satm kaur,1,3,9
khushabu,1,3,8
silpi,1,3,5
ranj,1,3,4
rajni kaur,1,3,10
astha pareek,1,3,12
smt hemlata,1,3,11
parsann bai,1,3,11
aasa devi,1,3,9
farja siddaqi,1,3,13
zeba,1,3,4
nilesh,1,3,6
kirti chawla,1,3,12
surekha bairagi,1,3,15
avastha khatun,1,3,14
smt kajal,1,3,9
smt gyattri bai,1,3,15
vasu noma,1,3,9
irfan,1,3,5
laxmee,1,3,6
hema devi,1,3,9
mooli devi,1,3,10
kumari santra devi jogi,1,3,23
smt kamla deve,1,3,14
parmita,1,3,7
majrula,1,3,7
asha sharma,1,3,11
savia,1,3,5
deep mala,1,3,9
mariam mumtaz,1,3,13
sarda,1,3,5
nisat parveen,1,3,13
simren,1,3,6
taramati,1,3,8
gitika,1,3,6
mai devi,1,3,8
smt basanta devi,1,3,16
harmeet kaur,1,3,12
bhaw sejwani,1,3,12
akhtari,1,3,7
pharja,1,3,6
prya,1,3,4
minu,1,3,4
mahrul nisha,1,3,12
jmin,1,3,4
kajal singh,1,3,11
kumari divya urf kamal,1,3,22
kuntesh,1,3,7
barakha,1,3,7
salu,1,3,4
heera lal,1,3,9
manjeet kaur,1,3,12
gangajali devi,1,3,14
sunita kanwar,1,3,13
ranju sharma,1,3,12
leela devi,1,3,10
santi bai,1,3,9
dipa bai,1,3,8
ganesi devi,1,3,11
lakshmi devi,1,3,12
jakra khatoon,1,3,13
mrs nidhi,1,3,9
saahin,1,3,6
nitam,1,3,5
monika munda,1,3,12
seema das,1,3,9
guljan,1,3,6
dariya kanwar,1,3,13
seema saini,1,3,11
dropti raiger,1,3,13
sumanlta,1,3,8
nilam sharma,1,3,12
lee rai,1,3,7
smt sarita davi,1,3,15
ekamjeet,1,3,8
chhotudevi,1,3,10
saiesta,1,3,7
sonyi,1,3,5
smt kusum davi,1,3,14
lee,1,3,3
kokila mee,1,3,10
rekha varhat,1,3,12
sagira begam,1,3,12
dha devi,1,3,8
shama,1,3,5
silpi kumari,1,3,12
janid minjh,1,3,11
jra,1,3,3
kiran ravtela,1,3,13
shabbo devi,1,3,11
groti,1,3,5
shikha kumari,1,3,13
noorin,1,3,6
pree,1,3,4
sanju kumari,1,3,12
khurshida bano,1,3,14
usha sharma,1,3,11
pratima,1,3,7
ramba,1,3,5
mikshi saii,1,3,11
sabi bano,1,3,9
bharti kumari,1,3,13
fatima,1,3,6
dipeeka,1,3,7
maya dhaval,1,3,11
moka,1,3,4
sashi devi,1,3,10
anguri bai,1,3,10
rashma jacob,1,3,12
kalashi devi bairwa,1,3,19
dipika chaturvedi,1,3,17
partima,1,3,7
diksha gupta,1,3,12
gurmeet,1,3,7
rukhsa,1,3,6
bhawa kapoor,1,3,12
priyaka,1,3,7
kumari mheraj,1,3,13
smt bhagwani devi,1,3,17
poom kumari,1,3,11
rachpreet kaur,1,3,14
jyoti tiwari,1,3,12
smt mamta harijan,1,3,17
harsha,1,3,6
joohi,1,3,5
mikshi purohit,1,3,14
shanty devi,1,3,11
shanty,1,3,6
beauty,1,3,6
kumari usha,1,3,11
pryanka,1,3,7
kumari gma,1,3,10
manpritkour,1,3,11
ambika,1,3,6
lilima,1,3,6
fiza parveen,1,3,12
parkash kaur,1,3,12
farah,1,3,5
shabreen fatima,1,3,15
parvati,1,3,7
i kaushik,1,3,9
bharati,1,3,7
anita kumari,1,3,12
mohsee biwi,1,3,11
rekha saini,1,3,11
rajni arya,1,3,10
kumari himanshi,1,3,15
shrimati maya devi,1,3,18
roshni kumari,1,3,13
jyotsa,1,3,6
kiran kaur,1,3,10
gopi devi,1,3,9
neeraj,1,3,6
paramdeep kaur,1,3,14
rakhi sharma,1,3,12
amarjit kaur,1,3,12
gora,1,3,4
nusrant,1,3,7
sweta,1,3,5
girja,1,3,5
juber,1,3,5
diksha ra,1,3,9
soni devi,1,3,9
gma khatun,1,3,10
neetu goyal,1,3,11
mukesh devi,1,3,11
ram devi sharma,1,3,15
yasodha,1,3,7
anoura khatun,1,3,13
rach sharma,1,3,11
bakhtvaar jahan,1,3,15
rikha,1,3,5
smt pushpa,1,3,10
roshani bhatiya,1,3,15
smt divya,1,3,9
priyanka jat,1,3,12
rosi,1,3,4
shankuntla,1,3,10
vee ben damor,1,3,13
sushhmita dass,1,3,14
bahwa,1,3,5
rajlaxmi,1,3,8
tara munda,1,3,10
mahima bagga,1,3,12
dvndavva  basava prabhu,1,3,23
heera kumari,1,3,12
tabbsum,1,3,7
jaismeen,1,3,8
shushree lalu,1,3,13
kimmi,1,3,5
jaimata,1,3,7
smt rajkanwar,1,3,13
rambha,1,3,6
sonia verma,1,3,11
madhwi,1,3,6
meethu,1,3,6
priya kaur,1,3,10
isha devi,1,3,9
pom,1,3,3
chuni devi,1,3,10
smt dhaneshwari devi,1,3,20
smt keshar devi,1,3,15
jyoti bai,1,3,9
sarita sharma,1,3,13
gouri mailwad,1,3,13
taman banu,1,3,10
rekha devi,1,3,10
rikkenchi,1,3,9
aamrin jahan,1,3,12
shazida,1,3,7
lalita mee,1,3,10
sushela devi,1,3,12
sumitra bai,1,3,11
pushpa tejshri,1,3,14
pinky kawar,1,3,11
kum usmani,1,3,10
smt dayavati,1,3,12
swaliya,1,3,7
rukhar,1,3,6
rupa kumari,1,3,11
babita singh,1,3,12
keshar,1,3,6
smt rani devi,1,3,13
gurmel kour,1,3,11
manuja,1,3,6
deepika kumari,1,3,14
laxmi bai,1,3,9
ruji khatun,1,3,11
smt pum,1,3,7
kumari rach,1,3,11
lalita dobhal,1,3,13
priti suman,1,3,11
smt patasi devi,1,3,15
rambai,1,3,6
merry kerakeha,1,3,14
prem wati,1,3,9
jasi khatun,1,3,11
pooja shrama,1,3,12
bhanupriya,1,3,10
senthia,1,3,7
sunita ra,1,3,9
sir ull khatun,1,3,14
malika biwi,1,3,11
farida,1,3,6
sangee,1,3,6
kanchan dev,1,3,11
smt meekshi,1,3,11
moshri,1,3,6
som kawar,1,3,9
mojis,1,3,5
suneta,1,3,6
humera,1,3,6
smt sawtri,1,3,10
shanta,1,3,6
zneen,1,3,5
sap gurjar,1,3,10
kajul choudhry,1,3,14
safia khatun,1,3,12
gulafsha,1,3,8
sakshi sharma,1,3,13
sharu,1,3,5
harbai,1,3,6
kumari neha,1,3,11
megha arya,1,3,10
sakuntla,1,3,8
premla  soni,1,3,12
smt sharshwati kanwar,1,3,21
disha parmar,1,3,12
vyelet moni,1,3,11
kumari shima devi,1,3,17
alisha jain,1,3,11
neetu sain,1,3,10
gulaz,1,3,5
novisha,1,3,7
vidhavati,1,3,9
nursa khatoon,1,3,13
prem,1,3,4
kumari sangeeta,1,3,15
kumari guddi,1,3,12
punita,1,3,6
smt renu sharma,1,3,15
ruksar bano,1,3,11
pari,1,3,4
husra,1,3,5
ma sarkar,1,3,9
gulab bano,1,3,10
kumari soniya,1,3,13
amanjeet kour,1,3,13
smt shakuntla devi,1,3,18
payal kanvar,1,3,12
usha damor,1,3,10
pallavi panchal,1,3,15
smt indra,1,3,9
rumal kumari,1,3,12
ruchi singh,1,3,11
babita negi,1,3,11
leela bai yak,1,3,13
nesha,1,3,5
santoshi kumari,1,3,15
tayab,1,3,5
kumari neetu,1,3,12
ramjanki bai,1,3,12
karma yadav,1,3,11
supyar bagriya,1,3,14
raji,1,3,4
arti kumari,1,3,11
samya,1,3,5
sanju sharma,1,3,12
ram wati devi,1,3,13
suda sharma,1,3,11
munesh,1,3,6
leela daroga,1,3,12
smt laxmi devi,1,3,14
miss meera,1,3,10
nipam,1,3,5
reeta kapkoti,1,3,13
shulekha,1,3,8
neha thakur,1,3,11
kanchan devi,1,3,12
ranki,1,3,5
vijay lakshmi,1,3,13
asho,1,3,4
hema sharama,1,3,12
nensi obroy,1,3,11
bharti singh,1,3,12
smt uganti devi,1,3,15
kashish gupta,1,3,13
gagan,1,3,5
rehmati,1,3,7
zeb khan,1,3,8
mamta devi,1,3,10
tulsa,1,3,5
pooja saini,1,3,11
premawati,1,3,9
manju jha,1,3,9
ram lal bhardwaj,1,3,16
taseem,1,3,6
shivani devi,1,3,12
sreen,1,3,5
roopam,1,3,6
yashodha devi,1,3,13
priya devi,1,3,10
twinkle,1,3,7
farja banu,1,3,10
anita gop,1,3,9
santosh rani,1,3,12
smt sangeeta,1,3,12
shaheen,1,3,7
puja kanvar,1,3,11
kanchan bai,1,3,11
dholi bai,1,3,9
payal jain,1,3,10
smt vimla devi,1,3,14
kehkasha,1,3,8
neha dhiman,1,3,11
jyoti gaba,1,3,10
kiran bala,1,3,10
goldan kumari,1,3,13
aru devi,1,3,8
anju tomar,1,3,10
premjit kaur,1,3,12
prabha sharma,1,3,13
saksi,1,3,5
satbir kaur,1,3,11
kushumavati,1,3,11
juli devi,1,3,9
nshima,1,3,6
meesh khatoon,1,3,13
anita vyas,1,3,10
mamta patidar,1,3,13
kosalya,1,3,7
smt prakshi devi,1,3,16
smt payal,1,3,9
lakhe sari gaur,1,3,15
arshi,1,3,5
sundri,1,3,6
varsha kumari,1,3,13
kumari monika mahavar,1,3,21
smt mee devi,1,3,12
soam chokeyiyakra,1,3,17
shailja jakhmola,1,3,16
indrvati,1,3,8
zia,1,3,3
ree dass,1,3,8
jhoti,1,3,5
smt lalidavi,1,3,12
kamala devi,1,3,11
guddi bai,1,3,9
swagtika,1,3,8
jhar dass,1,3,9
gulran,1,3,6
smt pinki bai,1,3,13
udita,1,3,5
brinda,1,3,6
anjali sharma,1,3,13
amrita kaur,1,3,11
anuu,1,3,4
rajwanti kaur,1,3,13
render,1,3,6
deepak,1,3,6
guddibai,1,3,8
kuswati pondayl,1,3,15
rishma ali,1,3,10
roopa kumar,1,3,11
kamlesh gupta,1,3,13
shaili,1,3,6
krish kumari,1,3,12
rukiya khan,1,3,11
parwati rawat,1,3,13
hari ram,1,3,8
aruni,1,3,5
jiya,1,3,4
priya chturvedi,1,3,15
piroj,1,3,5
sheela kumar,1,3,12
bhanu,1,3,5
anj,1,3,3
jhumki,1,3,6
manisha patidar,1,3,15
fornta,1,3,6
indara,1,3,6
shabnur,1,3,7
nikhat khatoon,1,3,14
raisha bano,1,3,11
suhani,1,3,6
saksi sharma,1,3,12
vicakha sahani,1,3,14
jaib fatima,1,3,11
pushpawati,1,3,10
mala dev,1,3,8
priyanka kumari,1,3,15
radhika jain,1,3,12
parvinder,1,3,9
kosylaya,1,3,8
shami,1,3,5
usha ankar,1,3,10
miss koshalya,1,3,13
kamini devi,1,3,11
aman gill,1,3,9
lakhi,1,3,5
aneeta,1,3,6
aanik,1,3,5
kali bai,1,3,8
rupa devi,1,3,9
danwati,1,3,7
sanju shekhawat,1,3,15
aarti bunkar,1,3,12
sayari,1,3,6
deepali singh,1,3,13
tejender kaur,1,3,13
seema verma,1,3,11
sushree sagar,1,3,13
smt nitu kumari,1,3,15
japneet kaur,1,3,12
reshama,1,3,7
anjali sangwar,1,3,14
maya lakhera,1,3,12
kum maya,1,3,8
surti kumari,1,3,12
farha khan,1,3,10
manjula,1,3,7
sehran nisha,1,3,12
krishan,1,3,7
shashibala,1,3,10
jmin banu pathan,1,3,16
smt jhamaku,1,3,11
smt sohani devi,1,3,15
sazia praveen,1,3,13
upas,1,3,4
smt vimla,1,3,9
jayotli,1,3,7
ramesh yadav,1,3,12
pum kumari,1,3,10
sajni,1,3,5
bharti pasi,1,3,11
nupur,1,3,5
smt parul,1,3,9
prachi,1,3,6
veenu,1,3,5
smt rajdulari,1,3,13
rinka,1,3,5
preeti wadhva,1,3,13
sen kanwar gochar,1,3,17
smt noorjahan,1,3,13
kamini,1,3,6
sheela kumari,1,3,13
samiksha rathor,1,3,15
smt urmila,1,3,10
jasbir kaur,1,3,11
gaja devi,1,3,9
ajra,1,3,4
simabharti,1,3,10
keli devi,1,3,9
durgesh bai,1,3,11
ajbi begum,1,3,10
anvi begam,1,3,10
moral bai,1,3,9
smt devki devi,1,3,14
ragini,1,3,6
muskan kaur,1,3,11
khushnuma,1,3,9
roji khatoon,1,3,12
lata jain,1,3,9
chunni,1,3,6
sonia kapoor,1,3,12
neha bhatia,1,3,11
jhar sardar,1,3,11
jya,1,3,3
bharkha,1,3,7
roshan khatoon,1,3,14
smt radha devi,1,3,14
hira devi,1,3,9
mam kaur,1,3,8
kajal kanwar,1,3,12
smt laltesh,1,3,11
go bai,1,3,6
san jan devi,1,3,12
sumedha mehditha,1,3,16
vibha bassi,1,3,11
ismaliye,1,3,8
sadiya,1,3,6
mehz azmi,1,3,9
bimla devi,1,3,10
sila,1,3,4
mamata kumari,1,3,13
sunita yadav,1,3,12
prinkya ragav,1,3,13
ekta balai,1,3,10
gudia,1,3,5
salupa,1,3,6
sakiran begam,1,3,13
smtpooja,1,3,8
pooja gurjar,1,3,12
sneha kumari,1,3,12
mamta sharma,1,3,12
shekiba sheikh mohammad,1,3,23
mitali,1,3,6
ruchika,1,3,7
mita  nimmi,1,3,11
rampati gujar,1,3,13
manju saini,1,3,11
hasi,1,3,4
sakshi vaid,1,3,11
dariya,1,3,6
komal jaiswal,1,3,13
seetal,1,3,6
raju,1,3,4
chhaterwati,1,3,11
tahseen ssifi,1,3,13
trannum,1,3,7
divya mishra,1,3,12
annu kumari,1,3,11
rabi khatoon,1,3,12
anushka,1,3,7
kavita manch,1,3,12
beti bai,1,3,8
pawan,1,3,5
jayada khatoon,1,3,14
tabbasum,1,3,8
jioty bajaj,1,3,11
khushi kumari,1,3,13
karsha kumari,1,3,13
smt ganga devi,1,3,14
deepika age,1,3,11
ruka mani devi,1,3,14
abhilasha,1,3,9
aktri aapa,1,3,10
savrin,1,3,6
marzi khatoon,1,3,13
samima,1,3,6
machhala,1,3,8
alima,1,3,5
mikshi sharma,1,3,13
meekshi sharma,1,3,14
manwi,1,3,5
sushila devi,1,3,12
uma devi,1,3,8
urmila rawat,1,3,12
poneem,1,3,6
yamini,1,3,6
hema sharma,1,3,11
kiran yadav,1,3,11
ruchi kashyap,1,3,13
susila rawat  arti rawat,1,3,24
pum shakya,1,3,10
ishrat khatoon,1,3,14
usha gar,1,3,8
minkashi,1,3,8
shanjhan,1,3,8
reema rajpoot,1,3,13
kumari joyti,1,3,12
shaj bano,1,3,9
kali devi mee,1,3,13
jeet jha,1,3,8
parbha devi,1,3,11
smt lata devi,1,3,13
basanti,1,3,7
kohinoor,1,3,8
chanchal sharma,1,3,15
neha sharma,1,3,11
kmo i,1,3,5
noori,1,3,5
preety hans,1,3,11
manjoo,1,3,6
kitti,1,3,5
laxmi deve,1,3,10
shabam,1,3,6
varsha tiwari,1,3,13
smt ritu devi,1,3,13
yamati,1,3,6
smt ree devi,1,3,12
khushbu lohar,1,3,13
smt lali devi,1,3,13
rekha rani,1,3,10
radhika bhatia,1,3,14
ree gupta,1,3,9
manisha chowhan,1,3,15
rashmi rator,1,3,12
smt basanti,1,3,11
kanika madan,1,3,12
joyaa,1,3,5
smts rekha,1,3,10
parmila,1,3,7
kumari bharti,1,3,13
poojadevi,1,3,9
seema vadhawa,1,3,13
gulesta,1,3,7
smt versha,1,3,10
mahi,1,3,4
rajbala,1,3,7
disi ng,1,3,7
manjula kumari,1,3,14
nirmala kumari,1,3,14
parmeshwari,1,3,11
smt ramvati,1,3,11
smt pinky,1,3,9
kailash,1,3,7
kamni devi,1,3,10
parul devi,1,3,10
farza khatoon,1,3,13
meenu singh,1,3,11
kanchan chaudhary,1,3,17
smt monika,1,3,10
sima devi,1,3,9
sajiya,1,3,6
safiya,1,3,6
chhanya bai,1,3,11
manoti dass,1,3,11
tara,1,3,4
menka,1,3,5
bishnu aale magar,1,3,17
majidunisha,1,3,11
wilkish,1,3,7
smt zama,1,3,8
arti devi,1,3,9
laxmi sarpota,1,3,13
smt sheetal,1,3,11
sudha devi,1,3,10
sushmita bishwas,1,3,16
aleesha,1,3,7
parvee,1,3,6
nisha joshi,1,3,11
safi malik,1,3,10
bhawa sharma,1,3,12
lata devi,1,3,9
jaimala,1,3,7
saali,1,3,5
babli sharma,1,3,12
sunita pancholi,1,3,15
manbai rekwar,1,3,13
mukiman zir,1,3,11
kushma,1,3,6
saroja,1,3,6
kumari ree,1,3,10
smt manju devi,1,3,14
musrat,1,3,6
kumarage do dhasiri,1,3,19
nilofar,1,3,7
monny,1,3,5
shifali roshan,1,3,14
mitali sahu,1,3,11
smt santosh,1,3,11
hema mehta,1,3,10
smt bito,1,3,8
vidhya devi,1,3,11
smt priya sharma,1,3,16
kelashi,1,3,7
smt shiya,1,3,9
jayda khatoon,1,3,13
annu kashyap,1,3,12
mmta,1,3,4
jeb parvin,1,3,10
cheta,1,3,5
himanshi kalshi,1,3,15
shaba khatun,1,3,12
khusbhoo,1,3,8
darsh,1,3,5
rakhi devi,1,3,10
seeta bai,1,3,9
sayma,1,3,5
maya dass,1,3,9
smt anusuiya,1,3,12
shikha soni,1,3,11
shahj,1,3,5
men khatun,1,3,10
sunpreet kaur,1,3,13
baita,1,3,5
sawatri devi,1,3,12
manfool bai,1,3,11
mousam,1,3,6
taran devi,1,3,10
sayra,1,3,5
rukhso,1,3,6
priya kmari maurya,1,3,18
shiya,1,3,5
prity,1,3,5
smt pooja,1,3,9
miss kanchan,1,3,12
siya,1,3,4
shravani shah,1,3,13
pargati thakur,1,3,14
renu parcha,1,3,11
kanti prshad,1,3,12
satyapal,1,3,8
rippi,1,3,5
seema sinha,1,3,11
anisha jain,1,3,11
surkali,1,3,7
saraswati thapa,1,3,15
malika,1,3,6
niraj,1,3,5
mamta mee,1,3,9
suman singh chauhan,1,3,19
yasoda,1,3,6
smt deu,1,3,7
miss aanu megwal,1,3,16
pooja gupta,1,3,11
kumari sabm,1,3,11
smt neeraj deve,1,3,15
inderjeet kaur,1,3,14
amkhan,1,3,6
kumari te pawar,1,3,15
smt rafikan,1,3,11
samra,1,3,5
dhanni devi,1,3,11
diksha vashist,1,3,14
veeru kumari,1,3,12
amreeta,1,3,7
santro devi,1,3,11
kumari shakuntala urf chhotan,1,3,29
pinki bai,1,3,9
kooki,1,3,5
suman rao,1,3,9
indira devi,1,3,11
saweta singh,1,3,12
radhab kumari,1,3,13
manorma sharma,1,3,14
nisha parveen,1,3,13
rani shrivastav,1,3,15
iram aara,1,3,9
shikha haldar,1,3,13
milka,1,3,5
shika haldhar,1,3,13
damini,1,3,6
smt shikha haldhar,1,3,18
hasi bano,1,3,9
satw,1,3,4
dolly khatik,1,3,12
rajni bala,1,3,10
kalpeshwari devi,1,3,16
kmo reshma,1,3,10
pabu devi,1,3,9
karu,1,3,4
felicia sequeira,1,3,16
kamta,1,3,5
aarti singh,1,3,11
shittal,1,3,7
joginder kaur,1,3,13
turveny,1,3,7
prinka shrma,1,3,12
baby chauhan,1,3,12
vishavkarma devi,1,3,16
baby devi,1,3,9
smt pushplata,1,3,13
kumari sumaila,1,3,14
devkali,1,3,7
smt ramila,1,3,10
arti soni,1,3,9
ambika gupta,1,3,12
mrs basanti devi,1,3,16
bhateri,1,3,7
jayoti,1,3,6
kirti sonkar,1,3,12
kumari pinky,1,3,12
kumari firdosh,1,3,14
prati,1,3,5
oma,1,3,3
yashdhra,1,3,8
rijwa tarnum,1,3,12
urvashi singh,1,3,13
mega kumari,1,3,11
soniya hudda,1,3,12
veera devi,1,3,10
kulsum,1,3,6
mhega,1,3,5
smt gori barman,1,3,15
sanjay kumar,1,3,12
garima sharma,1,3,13
aayesha khatun,1,3,14
faimuddin,1,3,9
ree kumari sharma,1,3,17
afri,1,3,4
smt suman,1,3,9
sundri bai,1,3,10
mee turi,1,3,8
sanjay,1,3,6
mariyam khalique,1,3,16
manisha mee,1,3,11
jitendra kumar,1,3,14
shefali,1,3,7
khumlo maria goretti,1,3,20
premature devi,1,3,14
pooja pal,1,3,9
sanjoh sorang,1,3,13
smt firdosh,1,3,11
kashum,1,3,6
ratani,1,3,6
smt rgish,1,3,9
pinku devi,1,3,10
bantu devi,1,3,10
suma,1,3,4
smt mema devi,1,3,13
pinky mee,1,3,9
mamuni das,1,3,10
mahjabi,1,3,7
sanoshi,1,3,7
ishawar singh,1,3,13
badru nisha,1,3,11
soni kumari,1,3,11
deepa saini,1,3,11
smt salni devi,1,3,14
gurmit sharma,1,3,13
shiwani siyal,1,3,13
aasha devi,1,3,10
mansavi,1,3,7
shikha singh,1,3,12
kak lata,1,3,8
smt neetu,1,3,9
sarika kothari,1,3,14
kumari jyothi,1,3,13
rinky,1,3,5
rubjaan bibi,1,3,12
lilabai,1,3,7
smt me,1,3,6
miss madhu meghwal,1,3,18
suman  lali mee,1,3,15
miss afreen,1,3,11
asman,1,3,5
kusham,1,3,6
anu,1,3,3
kumari endra,1,3,12
samaprveen,1,3,10
kumari indira,1,3,13
tashkkur sulta,1,3,14
hani kanwar,1,3,11
tranoom,1,3,7
smt meera,1,3,9
smt sita devi,1,3,13
salma biwi,1,3,10
shkundla devi,1,3,13
smt jayoti rawat,1,3,16
hafsa draboo,1,3,12
amrik kaur,1,3,10
kushmita,1,3,8
smt alkha,1,3,9
kumari kuljeet kaur,1,3,19
nikhat,1,3,6
seema rathore,1,3,13
deepika burt,1,3,12
smt pujadevi,1,3,12
mamta paliwal,1,3,13
samrin,1,3,6
rukmani bai,1,3,11
usha mathews,1,3,12
arati kashyap,1,3,13
kumari shakshi,1,3,14
shetal rani,1,3,11
kam devi,1,3,8
ntasha,1,3,6
ashima khatoon,1,3,14
asha devi wth  child,1,3,20
gulsha,1,3,6
renu pal,1,3,8
kumari rohini,1,3,13
parmeswari,1,3,10
asha kashyap,1,3,12
rajni kanwar,1,3,12
karishma bathi,1,3,14
shimpi kumari,1,3,13
shabila,1,3,7
jashil,1,3,6
mursida,1,3,7
mamu,1,3,4
samsida,1,3,7
seema gujar,1,3,11
neharika,1,3,8
begam,1,3,5
devyani,1,3,7
rupen gore,1,3,10
smt amarin bano,1,3,15
vanshika,1,3,8
rawi devi,1,3,9
hiri bai,1,3,8
smt jyoti sharma,1,3,16
premi devi,1,3,10
smt kamla devi,1,3,14
irfa,1,3,4
gendu kur,1,3,9
smt mahima bajaj,1,3,16
smt ruksha,1,3,10
smt tee gameti,1,3,14
neemi,1,3,5
rahat,1,3,5
he praveen,1,3,10
sosan devi,1,3,10
madhu kumari,1,3,12
mahvish,1,3,7
shahrish,1,3,8
rajo devi,1,3,9
rajkarnta,1,3,9
ncy,1,3,3
saifali,1,3,7
geeta kumari,1,3,12
geeta oram,1,3,10
jaya chauhan,1,3,12
poom kumar,1,3,10
nirjla devi,1,3,11
smtsunita devi,1,3,14
kumari anita,1,3,12
babli sulta,1,3,11
riju devi,1,3,9
badarjahan,1,3,10
jyoti meghwal,1,3,13
bhabhiya,1,3,8
isika,1,3,5
iram az,1,3,7
paramjit kaur,1,3,13
dibya prakash gupta,1,3,19
aasu,1,3,4
richa kumari,1,3,12
smt gattu devi,1,3,14
smt susheela,1,3,12
smt lata,1,3,8
sug mee,1,3,7
harvindra singh,1,3,15
srita devi,1,3,10
smt ugam kanwar,1,3,15
chanchal kumari,1,3,15
taniya saini,1,3,12
jma khatun,1,3,10
mani,1,3,4
jenifer,1,3,7
sudesh devi,1,3,11
anita garg,1,3,10
jeb,1,3,3
salama,1,3,6
vdeep kaur,1,3,10
fatima khatton,1,3,14
smt kailashi,1,3,12
ranjnika jat,1,3,12
nitika,1,3,6
mansi khura,1,3,11
sania,1,3,5
marium,1,3,6
santosh kaur,1,3,12
zeba parveen,1,3,12
nshi,1,3,4
anju jain,1,3,9
govind kunwar,1,3,13
vijaynti,1,3,8
sune,1,3,4
laltia dass,1,3,11
sahrul nisha,1,3,12
pinkey,1,3,6
utpa davi,1,3,9
brkha,1,3,5
rajenderi,1,3,9
veshali,1,3,7
smt mohani devi,1,3,15
geeta rani,1,3,10
kiran vharma,1,3,12
reha begam,1,3,10
smt shanu,1,3,9
smt aachal,1,3,10
nilam bhoi,1,3,10
kumari mo,1,3,9
sazia,1,3,5
seekha,1,3,6
lajjavati,1,3,9
chitra,1,3,6
monika chorasiya,1,3,16
jamee,1,3,5
smt sangita,1,3,11
long shree devi,1,3,15
phoolwati,1,3,9
smt lakshmi devi,1,3,16
gulfara,1,3,7
smt phoola devi,1,3,15
neha huq,1,3,8
smt sima,1,3,8
chnda mali,1,3,10
sneh lata,1,3,9
alka sharma,1,3,11
bunty,1,3,5
abha kumari,1,3,11
bilkis,1,3,6
rajl,1,3,4
vidya,1,3,5
rajeswary,1,3,9
aro devi,1,3,8
ruchi kumari,1,3,12
smt champa devi,1,3,15
sifa,1,3,4
sanita,1,3,6
smt sudha bisht,1,3,15
neha suman,1,3,10
kosaleya,1,3,8
azmira,1,3,6
smt nilam,1,3,9
reshma khatoon,1,3,14
vita,1,3,4
tasnim firoz,1,3,12
neetu devi,1,3,10
bhuli merutha,1,3,13
nikki kumari,1,3,12
fasrun nisha,1,3,12
nuraish,1,3,7
ashiya,1,3,6
jyoti fransis,1,3,13
nirutma,1,3,7
priyanka soni,1,3,13
babita bajali,1,3,13
vneet kaur,1,3,10
kirsh,1,3,5
komal yadav,1,3,11
smt parwati,1,3,11
suloch,1,3,6
kumari kha gulsan,1,3,17
mjudi,1,3,5
papu devi,1,3,9
priyanka sharma,1,3,15
parkash,1,3,7
kokila,1,3,6
kumari sajida,1,3,13
srita,1,3,5
uma bharti,1,3,10
smt sukhwanti bai,1,3,17
sakuntala,1,3,9
kala bai,1,3,8
yinita,1,3,6
shilu,1,3,5
amirul nisha,1,3,12
zia firdosh,1,3,11
kashis,1,3,6
sadh bhardwaj,1,3,13
sangita yadav,1,3,13
neelam yadav,1,3,12
vashavi,1,3,7
kavit goyar,1,3,11
amida,1,3,5
raju mee,1,3,8
samman,1,3,6
rakhi soni,1,3,10
kumari monki,1,3,12
asmita,1,3,6
srimati radhika,1,3,15
vidya devi,1,3,10
sonu devi,1,3,9
fakiha,1,3,6
saheen,1,3,6
sahista,1,3,7
renu bala,1,3,9
klu kumari rokaya,1,3,17
ganga ram,1,3,9
aafreen fatima,1,3,14
shetal,1,3,6
suchi sharma,1,3,12
sarswati,1,3,8
gita pokharial,1,3,14
sanju yadav,1,3,11
deepti shekhawat,1,3,16
sushma kapoor,1,3,13
pryanka god,1,3,11
suraj kumari,1,3,12
bsram devi,1,3,10
durgabai,1,3,8
smt rajani,1,3,10
fuljhadi,1,3,8
smt raji devi,1,3,13
smt parwati devi,1,3,16
sunita kumawat,1,3,14
bulbul,1,3,6
sonu dhakad,1,3,11
tabassum urf mo,1,3,15
khushboo kumari,1,3,15
ansu,1,3,4
muni,1,3,4
smt sujata,1,3,10
puspa mintiz,1,3,12
mansha,1,3,6
smt premi devi,1,3,14
smt dhapoo devi,1,3,15
shahida,1,3,7
rebecca xavier,1,3,14
lushi,1,3,5
sawa parveen,1,3,12
josh bai,1,3,8
aarifa bano,1,3,11
smt samrin,1,3,10
raghuvinder kaur bhatia,1,3,23
amarmula,1,3,8
kiran gupta,1,3,11
suchita marki,1,3,13
paya gar,1,3,8
sukhvir kaur,1,3,12
nirmal kour,1,3,11
sita kumari,1,3,11
smt sukhdeep kaur,1,3,17
noorjhan,1,3,8
smt vinita,1,3,10
tavvasum,1,3,8
dolley,1,3,6
phoola,1,3,6
meekshi raj sharma,1,3,18
tajinder kaur,1,3,13
smtsabita daive,1,3,15
laxmi babu,1,3,10
baby shine,1,3,10
busra,1,3,5
roshni balai,1,3,12
smt rashida khatoon,1,3,19
guddiya,1,3,7
rashmi chawla,1,3,13
sayja,1,3,5
mehru nisha,1,3,11
shagufta,1,3,8
rajni dhawan,1,3,12
miss elvis sianhoimuan,1,3,22
kumari shri devi,1,3,16
saki,1,3,4
ugma parveen,1,3,12
girija,1,3,6
kamal,1,3,5
anjani devi,1,3,11
lilavati kumari,1,3,15
salomi hemroda,1,3,14
vironika,1,3,8
kasish,1,3,6
diti sharma,1,3,11
asmin,1,3,5
babita kumari,1,3,13
suman chobe,1,3,11
santi,1,3,5
sanju kanwar,1,3,12
ishu,1,3,4
sundari,1,3,7
sulekha kumari,1,3,14
kanya bai,1,3,9
sushree vee,1,3,11
smt prami devi,1,3,14
smt mota,1,3,8
smt balti,1,3,9
nutan,1,3,5
kam,1,3,3
isnesh,1,3,6
zeet,1,3,4
jamila khatun,1,3,13
ankit goyel,1,3,11
sarla devi,1,3,10
tiwankle,1,3,8
smt pari bai,1,3,12
simarjeet kaur,1,3,14
sujanti,1,3,7
mariya,1,3,6
vinothini,1,3,9
rgesh,1,3,5
huma parveen,1,3,12
mee pawar,1,3,9
smt premkanta,1,3,13
lalita gameti,1,3,13
midha sahani,1,3,12
fiza khan,1,3,9
tanjima,1,3,7
richa tyagi,1,3,11
jamu,1,3,4
sararwati,1,3,9
varda khan,1,3,10
puja sawariya,1,3,13
manvi,1,3,5
lavi,1,3,4
sarwitavm,1,3,9
reeta devi,1,3,10
bhav,1,3,4
hema koli,1,3,9
mithi urf mamta,1,3,15
aarti pal,1,3,9
jasleen kaur,1,3,12
ranju kumari,1,3,12
vaishanvi,1,3,9
kanchan sharma,1,3,14
valenti anglika,1,3,15
dhamini,1,3,7
musarrat,1,3,8
kum nidhi,1,3,9
raniya,1,3,6
swati yadav,1,3,11
mamta garg,1,3,10
sudesh kumari,1,3,13
mamoita rai,1,3,11
yogesh,1,3,6
nishu kumari,1,3,12
jaivanti,1,3,8
smt hus,1,3,7
kulvinder kaur,1,3,14
meethu sarkar,1,3,13
farja bano,1,3,10
khanchan,1,3,8
gulafshan,1,3,9
ruchi devi,1,3,10
ranu yadev,1,3,10
ayatha idu,1,3,10
ratni,1,3,5
devli,1,3,5
madhu shukla,1,3,12
shaloo,1,3,6
prabhjot kaur,1,3,13
nini,1,3,4
so devi,1,3,7
rachnu,1,3,6
rashimi dayal,1,3,13
kanchi,1,3,6
puspha,1,3,6
pushpa kumari,1,3,13
madi,1,3,4
divya kor,1,3,9
yoshoda,1,3,7
saroj god,1,3,9
smt saraswati devi,1,3,18
kailashi devi,1,3,13
anwari,1,3,6
sayara begum,1,3,12
meenu rani,1,3,10
kumari,1,3,6
devya soni,1,3,10
smt chanchal,1,3,12
jasi khatoon,1,3,12
arti kumari sahu,1,3,16
mithlesh kumari,1,3,15
ankita bagh,1,3,11
nusrat,1,3,6
geetanjali,1,3,10
attar kali,1,3,10
smt ranj verma,1,3,14
pooja soren,1,3,11
shie,1,3,4
lokesh,1,3,6
anita gupta,1,3,11
nicharon mosami,1,3,15
smt seema kunwar,1,3,16
miss racha,1,3,10
devideen,1,3,8
sudma aggarwal,1,3,14
antima,1,3,6
jahirul nisha,1,3,13
roshni devi,1,3,11
divya rani,1,3,10
kumari shilpa,1,3,13
devendri,1,3,8
kavita pal,1,3,10
shneha,1,3,6
nida,1,3,4
devi ja,1,3,7
miksi,1,3,5
jhingi,1,3,6
krisha yadav,1,3,12
smt radha,1,3,9
tulsi sharma,1,3,12
madhubala,1,3,9
sozi sarju,1,3,10
sap rawat,1,3,9
smt anupriya,1,3,12
chaman devi,1,3,11
sital,1,3,5
phol kumari devi,1,3,16
roobi mathur,1,3,12
janwi chaudhary,1,3,15
miraz,1,3,5
fija khan,1,3,9
ritu arora,1,3,10
alisha waliya,1,3,13
bholi,1,3,5
resmi jat,1,3,9
basanti joshi,1,3,13
twenkle,1,3,7
smt surender chopra,1,3,19
swetha,1,3,6
sabam,1,3,5
shaira,1,3,6
racha yadav,1,3,11
pooja mahli,1,3,11
jhunnu sarkar,1,3,13
anjali tiwari,1,3,13
pritika kumawat,1,3,15
mohan devi,1,3,10
smt rinki,1,3,9
smt gurmala devei,1,3,17
rada bai,1,3,8
smt rakhila,1,3,11
jibanti har,1,3,11
komal kohli,1,3,11
rashmi jha,1,3,10
smts gaytri devi,1,3,16
tajrani,1,3,7
smt geeta agarwal,1,3,17
mo rathore,1,3,10
isha maheswari,1,3,14
noni,1,3,4
smt meera devi,1,3,14
darshan,1,3,7
sira bano,1,3,9
aali,1,3,4
jatinder kaur,1,3,13
laxmi koli,1,3,10
lalmuni koda,1,3,12
anju parshad,1,3,12
smt gulshan bano,1,3,16
smt rekha prajapat,1,3,18
koshlya,1,3,7
aarti kumari,1,3,12
depali,1,3,6
nisa shekhavat,1,3,14
meetu,1,3,5
moni kumari,1,3,11
shobha kumari,1,3,13
meenu yadav,1,3,11
ritu mundari,1,3,12
rukmani tiwari,1,3,14
annu thakur,1,3,11
monika sharma,1,3,13
noreen khan,1,3,11
jasveer kour,1,3,12
madhuri kumari,1,3,14
smt shobha,1,3,10
rama tiwari,1,3,11
manful bai,1,3,10
smt dipika,1,3,10
smt rita,1,3,8
kalpa urf loharu,1,3,16
chameli devi,1,3,12
ram wati,1,3,8
smt sahjadi,1,3,11
waheeda,1,3,7
afsa khatun,1,3,11
sarmeela,1,3,8
smt simran,1,3,10
shalu singh,1,3,11
pooja jonwal,1,3,12
umma kumari,1,3,11
vadhi,1,3,5
kumari kamlesh,1,3,14
faruk,1,3,5
shashi seni,1,3,11
smt seta devi,1,3,13
smt sarin,1,3,9
zra,1,3,3
lali urf kismat,1,3,15
budhwanti,1,3,9
rimasha,1,3,7
pakhali,1,3,7
racha,1,3,5
kumari tanu,1,3,11
amita,1,3,5
pawan preet kaur,1,3,16
vishnu devi,1,3,11
lajja devi,1,3,10
anita gesia,1,3,11
alma wage,1,3,9
vimlesh devi,1,3,12
sonu morya,1,3,10
chhaga,1,3,6
rosanjahan,1,3,10
monika mehar,1,3,12
ariba khan,1,3,10
shikha saklani,1,3,14
aafreen,1,3,7
jyoti gupta,1,3,11
smt sheela,1,3,10
soli priydarshni jai,1,3,20
saeshta,1,3,7
dolo,1,3,4
gudiya rani,1,3,11
smt somi,1,3,8
ayushi sharma,1,3,13
bhawa bharti,1,3,12
madhu ishmta,1,3,12
hasbul nisha,1,3,12
bhteri,1,3,6
smtkhasti devi,1,3,14
smt indra devi,1,3,14
mainka,1,3,6
rawa,1,3,4
jully,1,3,5
balvinder kaur,1,3,14
bironica ekka,1,3,13
vipasha,1,3,7
smtsaroj,1,3,8
alish,1,3,5
baliya begam,1,3,12
seema puri,1,3,10
gulshan khatton,1,3,15
alkesh,1,3,6
priyanka dhama,1,3,14
pritee,1,3,6
smt soniya,1,3,10
sanjida,1,3,7
hazara,1,3,6
moti zariya devi,1,3,16
khushbari,1,3,9
dilshadi begum,1,3,14
jasvinder kour,1,3,14
frja,1,3,4
neha chopra,1,3,11
neha mani,1,3,9
rupali vishwas,1,3,14
pinky devi,1,3,10
koyal,1,3,5
begumpur malviya gar delhi,1,3,26
rambiri,1,3,7
miss nirmala,1,3,12
mehvish,1,3,7
bushara praveen,1,3,15
ragi,1,3,4
smt mamata,1,3,10
preety malhotra,1,3,15
vesali,1,3,6
kum sangita,1,3,11
samiksa tiwari,1,3,14
rozi khatun,1,3,11
baby kumari,1,3,11
ashnu begum,1,3,11
bharati sharma,1,3,14
neetu kapoor,1,3,12
rashi aggarwal,1,3,14
shagufta islam,1,3,14
kanti kumari,1,3,12
bindiya kumari,1,3,14
fazin,1,3,5
shamim,1,3,6
bee devi,1,3,8
salama khatun,1,3,13
jugani,1,3,6
smt amari devi,1,3,14
manti devi,1,3,10
usha singh,1,3,10
pragati singh,1,3,13
prachi sharma,1,3,13
urvashi,1,3,7
imra parveen,1,3,12
smt mithilesh sahu,1,3,18
bhaw sharma,1,3,11
sabiya khatoon,1,3,14
vipin varma,1,3,11
yogita sharma,1,3,13
riti,1,3,4
vedehi,1,3,6
santro,1,3,6
indra kumari mi,1,3,15
mangala devi,1,3,12
isha urf neesa verma,1,3,20
smt aarti,1,3,9
uma davi,1,3,8
twinkil,1,3,7
suriti,1,3,6
tanvir fatma,1,3,12
parsi devi,1,3,10
bashanti devi,1,3,13
firoza,1,3,6
pamjeet kaur,1,3,12
kamlajeet,1,3,9
juli,1,3,4
laskshita,1,3,9
madhu sharma,1,3,12
sobha kumari,1,3,12
shahm,1,3,5
soom,1,3,4
shun shun,1,3,9
dila,1,3,4
archa mishra,1,3,12
anuska,1,3,6
sukhdevi,1,3,8
baby sharma,1,3,11
morki devi,1,3,10
anjal sharma,1,3,12
sahishta,1,3,8
smt jyoti devi,1,3,14
smt jasoda devi,1,3,15
tasbiha siddique,1,3,16
jhora begam,1,3,11
bindvasini,1,3,10
durgawati devi,1,3,14
rashida,1,3,7
sukhpreeet kour,1,3,15
kumari babita,1,3,13
isha thakur,1,3,11
sapa mongia,1,3,11
rojmeri murum,1,3,13
anja haldar,1,3,11
bato devi,1,3,9
sharmili,1,3,8
satyavati,1,3,9
indu,1,3,4
bhawani,1,3,7
neelam rani,1,3,11
smt indera devi,1,3,15
sawati,1,3,6
khubshu,1,3,7
kurekha,1,3,7
smt uma,1,3,7
smt bhava,1,3,9
shakuntla devi,1,3,14
smt rakhi jain,1,3,14
diya varma,1,3,10
richaraj,1,3,8
santu,1,3,5
rauf jahan,1,3,10
shaki bano,1,3,10
smt rajo,1,3,8
tajmaha,1,3,7
arti chouhan,1,3,12
phol bano,1,3,9
sabrin,1,3,6
hemleta,1,3,7
jyoti panchal,1,3,13
smt rayani,1,3,10
kalpa patidar,1,3,13
mikumari,1,3,8
poom rani,1,3,9
neha goswami,1,3,12
sally,1,3,5
kamjeet,1,3,7
mukhtyar kaur,1,3,13
miss sushila kumari,1,3,19
smt shuman,1,3,10
rajrani,1,3,7
foolmaya,1,3,8
miss seema,1,3,10
smt rupali,1,3,10
shokraji,1,3,8
smt momi,1,3,8
jayuti soni,1,3,11
deepmala,1,3,8
pinki mishra,1,3,12
jhun bai,1,3,8
jyoti dubey,1,3,11
sonia sapra,1,3,11
gargi,1,3,5
sarika devi,1,3,11
ssin,1,3,4
santosh joshi urf pooja,1,3,23
albi,1,3,4
archita verma,1,3,13
deepa devi,1,3,10
momita dass,1,3,11
nutan sharma,1,3,12
arti kissko,1,3,11
rimpi,1,3,5
hema aroan,1,3,10
tasha bhan,1,3,10
rusan,1,3,5
sushmita rao,1,3,12
ishita sharma,1,3,13
girija rani,1,3,11
smt kali devi,1,3,13
rabi,1,3,4
manita uraw,1,3,11
bivla devi,1,3,10
pratiksha,1,3,9
satish,1,3,6
koshalya,1,3,8
prabhila,1,3,8
deepshikha,1,3,10
kumari priya,1,3,12
premi,1,3,5
raj shabm,1,3,9
sayeri,1,3,6
batul,1,3,5
kachri,1,3,6
sap dubey,1,3,9
kumari pinku,1,3,12
resh,1,3,4
ashma,1,3,5
gawri devi,1,3,10
deepanti,1,3,8
anshu kumari,1,3,12
guddo,1,3,5
smriti,1,3,6
ishra,1,3,5
vibha devi,1,3,10
ashima,1,3,6
mangla devi,1,3,11
phol kumari,1,3,11
chotti,1,3,6
khushbu devi,1,3,12
puja urf rekha,1,3,14
rajo baluram sansi,1,3,18
anil kumari,1,3,11
neha dabas,1,3,10
ruanbza khatoon,1,3,15
faraheen khan,1,3,13
indra mee,1,3,9
surender kour,1,3,13
gomati,1,3,6
ri rangaswami,1,3,13
durga meghwal,1,3,13
sheenu,1,3,6
kamlash,1,3,7
jyoti gulati,1,3,12
smt indu devi,1,3,13
muskan khatun,1,3,13
kushagra,1,3,8
subhiya bibi,1,3,12
saiyada,1,3,7
smts shakuntala,1,3,15
shadh,1,3,5
asha kaur,1,3,9
julee,1,3,5
shampa,1,3,6
hetal,1,3,5
saa,1,3,3
salini,1,3,6
smt endrajeet kore,1,3,18
smarti kumari,1,3,13
sajiya safi,1,3,11
darsha,1,3,6
rajni jaswal,1,3,12
shahz khatun,1,3,12
mariam,1,3,6
archan,1,3,6
sushma tyagi,1,3,12
shahin praveen,1,3,14
smt tulasi devi,1,3,15
manjit kour,1,3,11
smt moti devi,1,3,13
ajima fatima,1,3,12
purnima,1,3,7
janvi,1,3,5
balbiri devi,1,3,12
zoya,1,3,4
bhaw th,1,3,7
kum  akansha tyagi,1,3,18
surjiya kumari,1,3,14
dhanwanti,1,3,9
praveen bano,1,3,12
sweta ksiyap,1,3,12
chotibai,1,3,8
tasmi,1,3,5
kalwati,1,3,7
taranjeet kaur,1,3,14
manglesh,1,3,8
amrta kumari,1,3,12
shahgujta,1,3,9
shankri mee,1,3,11
swet shristi,1,3,12
murtibai,1,3,8
indra kumari,1,3,12
jari,1,3,4
smt bhuri bai wio  dhanraj lodha,1,3,32
tanisha,1,3,7
sumitra shah,1,3,12
swatri,1,3,6
ishrat jahan,1,3,12
umedi devi,1,3,10
smt ladi mali,1,3,13
smt mee kumari,1,3,14
ami khatun,1,3,10
koilu oran,1,3,10
devki kumari,1,3,12
smt jalma devi,1,3,14
priyanka jatav,1,3,14
smt sima devi,1,3,13
shanta mee,1,3,10
smt indra sahu,1,3,14
uganta,1,3,6
akhilesh kumari,1,3,15
chinki,1,3,6
juid,1,3,4
mahima aggarwal,1,3,15
smt kanika,1,3,10
jainub,1,3,6
tasveeran,1,3,9
kiran mee,1,3,9
seeta g,1,3,7
varsha dhania,1,3,13
kanika,1,3,6
avi bano,1,3,8
anisha koirala,1,3,14
kalyani banodha,1,3,15
anjali mathur,1,3,13
kasturi bai,1,3,11
smt kusum gda,1,3,13
maan kunwar,1,3,11
saroj verma,1,3,11
bipnesh,1,3,7
seema kumari,1,3,12
meenu kashyap,1,3,13
taniya,1,3,6
incee,1,3,5
ranjan kumari,1,3,13
smts vimala devi,1,3,16
nisha shirma,1,3,12
smt rajkumari,1,3,13
ma devi,1,3,7
kanchn,1,3,6
soli panchal,1,3,12
rupal,1,3,5
jaif,1,3,4
shine,1,3,5
smt mun ben,1,3,11
dilsha,1,3,6
rajanti mee,1,3,11
raj bai,1,3,7
depali kurmi,1,3,12
kumari mamata,1,3,13
kajal guta,1,3,10
minu kumari,1,3,11
smt neeru sharma,1,3,16
sheela rani,1,3,11
sashikala,1,3,9
ruby kumari,1,3,11
monika kumari,1,3,13
jaanki,1,3,6
aardh,1,3,5
kesar,1,3,5
reshami,1,3,7
karishama,1,3,9
babita rai thapa,1,3,16
rozy,1,3,4
rencho,1,3,6
rubi urf afsa,1,3,13
shahiba,1,3,7
roopa devi,1,3,10
sadha devi,1,3,10
minka,1,3,5
pushpa rani,1,3,11
jubaira,1,3,7
kumari radha sharma,1,3,19
smt sap,1,3,7
smt kamala,1,3,10
nikahat,1,3,7
sukanya,1,3,7
munni kumari,1,3,12
pawan saini,1,3,11
kumari lalita,1,3,13
seema jatav,1,3,11
geeta bai,1,3,9
smt brajesh,1,3,11
prezi,1,3,5
shekh sa,1,3,8
haliya aakhon,1,3,13
i begum,1,3,7
sah parveen,1,3,11
sunita das,1,3,10
krasha,1,3,6
kumari payal,1,3,12
mehrunisha,1,3,10
rajkali,1,3,7
sajini,1,3,6
pammy kumari,1,3,12
geeta devi jat,1,3,14
norti,1,3,5
asrani toppo,1,3,12
panmati,1,3,7
hiri,1,3,4
madhvi,1,3,6
rizva,1,3,5
pampa mukharji,1,3,14
sheela jain,1,3,11
shivalika,1,3,9
purnima devi,1,3,12
smt ri,1,3,6
vimala devi,1,3,11
neelachal,1,3,9
silpa jain,1,3,10
lalutha,1,3,7
smt somanti,1,3,11
dholi,1,3,5
smt manohari,1,3,12
lali devi,1,3,9
sumitra thapa,1,3,13
sahajha praveen,1,3,15
panchma,1,3,7
seema vishwakarma,1,3,17
kiran kumari,1,3,12
shadiya,1,3,7
kanta bai,1,3,9
sonu rawat,1,3,10
tinki,1,3,5
mehz,1,3,4
kasturi devi,1,3,12
smt parsi,1,3,9
shakuntala,1,3,10
smt komal,1,3,9
karamjeet kaur,1,3,14
smt rekha mahesvri,1,3,18
sabita,1,3,6
shad,1,3,4
smt renu kanwer,1,3,15
shivani gupta,1,3,13
jayanti bhag,1,3,12
anjli maru,1,3,10
kumari vaishali vaishv,1,3,22
preeti seni,1,3,11
smt som,1,3,7
kumari rekha,1,3,12
amita mishra,1,3,12
lavli gupta,1,3,11
manjinder kaur,1,3,14
jubeda,1,3,6
disha gupta,1,3,11
shika,1,3,5
smt ratni,1,3,9
smt billu bai,1,3,13
smt saroj,1,3,9
aarti yash,1,3,10
shavani,1,3,7
kehkasa,1,3,7
madhvi sharma,1,3,13
bhiki devi,1,3,10
miss deepika,1,3,12
chanpa megwal,1,3,13
riya sahni,1,3,10
janki devi,1,3,10
sawariya khatun,1,3,15
majida,1,3,6
kadu,1,3,4
asha saini,1,3,10
man devi,1,3,8
reeti,1,3,5
archa sharma,1,3,12
smt sap adhikari,1,3,16
ishmita verma,1,3,13
aarti kloshiya,1,3,14
neeti,1,3,5
davee,1,3,5
poom kewat,1,3,10
mahima,1,3,6
arji sheikh,1,3,11
momi khatun,1,3,11
hee bano,1,3,8
somil kumari,1,3,12
raj,1,3,3
jolly,1,3,5
smt sharda devi,1,3,15
thi bai,1,3,7
kanchan duvedi,1,3,14
trepti aggarwal,1,3,15
sonia rathore,1,3,13
gulabsha,1,3,8
aphsa,1,3,5
manbhari,1,3,8
smt joyti,1,3,9
sarojni saxe,1,3,12
dahmi,1,3,5
kumari saroj,1,3,12
smt taravaati,1,3,13
kamal panwar,1,3,12
amrin,1,3,5
nki,1,3,3
mamta sabbarwal,1,3,15
jagan,1,3,5
shi,1,3,3
dhanpati,1,3,8
manu kanwar,1,3,11
syama,1,3,5
smt mamta davi,1,3,14
salma roshni,1,3,12
asgari parveen,1,3,14
smt sant,1,3,8
maya mee,1,3,8
vinit kumari,1,3,12
soni soran,1,3,10
deepika chauhan,1,3,15
shah bano,1,3,9
ree bhil,1,3,8
miss mee,1,3,8
momi,1,3,4
devendri kumari,1,3,15
krash,1,3,5
tulsi devi,1,3,10
pushpa lamoon,1,3,13
tarunm,1,3,6
umesha,1,3,6
dropati,1,3,7
chappla malik,1,3,13
manju bohra,1,3,11
tabasum,1,3,7
rajani ure priti,1,3,16
mamta pal,1,3,9
maanmati rokaye,1,3,15
rita das urf sap das,1,3,20
smt santosh devi,1,3,16
kumari seema,1,3,12
katyayani,1,3,9
susila,1,3,6
snehlata,1,3,8
pooja bhatt,1,3,11
dhanwati,1,3,8
miss pramila,1,3,12
smt prwem devi,1,3,14
shimla devi,1,3,11
smt shano,1,3,9
gulwasha,1,3,8
seelam,1,3,6
nupur somi,1,3,10
sapita kumari,1,3,13
rani kaur,1,3,9
bushra,1,3,6
dhan bai,1,3,8
rampal singh,1,3,12
sonu sharma,1,3,11
kumari preeti kuntal,1,3,20
umrawti devi,1,3,12
meva devi,1,3,9
shahin begum,1,3,12
nitu pipliwal,1,3,13
anjum hee,1,3,9
tapsyum,1,3,7
kazal,1,3,5
sahira,1,3,6
adi,1,3,3
noorpa khatoon,1,3,14
shahera,1,3,7
suman bairwa,1,3,12
anjali gpal,1,3,11
pinki bhui,1,3,10
mehar jahan,1,3,11
tabbwum,1,3,7
deepu,1,3,5
smt maheswari,1,3,13
sikha gupta,1,3,11
mohni,1,3,5
sarshwati sarkar,1,3,16
pinki gupta,1,3,11
am khatun,1,3,9
shabbi,1,3,6
sunita rai,1,3,10
mrs sadiya,1,3,10
kajal sharma,1,3,12
maahi,1,3,5
harsh kapoor,1,3,12
rajni seth,1,3,10
rukhs begm,1,3,10
tarawati,1,3,8
para,1,3,4
kumari talat aara,1,3,17
sami khatoon,1,3,12
mudrika yadav,1,3,13
bhundki devi,1,3,12
smt rajni devi,1,3,14
rooshi,1,3,6
shqakuntla,1,3,10
kaushar jahan,1,3,13
aliya ahmad,1,3,11
shikha garg,1,3,11
sudhata,1,3,7
rahul gupta,1,3,11
sunder devi,1,3,11
jiya biwi,1,3,9
chinta devi,1,3,11
sahej,1,3,5
anekha kumari,1,3,13
karma kumari,1,3,12
ali devi,1,3,8
smt manisha,1,3,11
kulvinder,1,3,9
sumemtra,1,3,8
pushpa soni,1,3,11
shavitri,1,3,8
khushnudi begum,1,3,15
punni devi,1,3,10
sajma,1,3,5
smt laxmi kanwar,1,3,16
smt foolmati,1,3,12
miss ramila,1,3,11
har prit kor,1,3,12
ama,1,3,3
rima khan,1,3,9
sarwesh kumari,1,3,14
smt shabm,1,3,9
seema setiya,1,3,12
seema murmu,1,3,11
kumari shalu,1,3,12
shrimati vipin,1,3,14
raman,1,3,5
mallika,1,3,7
arp pathak,1,3,10
monini,1,3,6
mohani,1,3,6
farhaja ahmed,1,3,13
smt suzata,1,3,10
amba,1,3,4
gori devi,1,3,9
sunitha,1,3,7
anupuma,1,3,7
basanti devi,1,3,12
i bwgum,1,3,7
rani bakhla,1,3,11
mamta rani koli,1,3,15
smt sushma devi,1,3,15
smt girjesh,1,3,11
saveroon,1,3,8
monika mishra,1,3,13
smt prem lata gupta,1,3,19
kanta kumari,1,3,12
nosar,1,3,5
rashida bano,1,3,12
rinju,1,3,5
tek,1,3,3
shoiba,1,3,6
pritibha adrash,1,3,15
bhagvati,1,3,8
smt smradhi tyagi,1,3,17
smt deu devi,1,3,12
seeta behen,1,3,11
rima singh,1,3,10
shama basi,1,3,10
vee rai,1,3,7
lakshmi kumari,1,3,14
kumari ankita singhal,1,3,21
smt durga t,1,3,11
jreen,1,3,5
nisha saini,1,3,11
payal kumari jain,1,3,17
shrimati jama,1,3,13
harbas kaur,1,3,11
chunni devi,1,3,11
afroz,1,3,5
jaishmin,1,3,8
shashi kant,1,3,11
shimran,1,3,7
dhodi devi,1,3,10
tania,1,3,5
mee jat,1,3,7
neela kumari,1,3,12
vijayta,1,3,7
fisa,1,3,4
kasturi,1,3,7
sivhani,1,3,7
lata patidar,1,3,12
reha banu,1,3,9
binu,1,3,4
jeeren topno,1,3,12
chhano devi,1,3,11
jamila,1,3,6
miss manjula,1,3,12
smt hemleta saini,1,3,17
sneha singh,1,3,11
chhamo,1,3,6
nemsi,1,3,5
mee chauhan,1,3,11
surjeet kour,1,3,12
smt magla,1,3,9
gurjeet kaur,1,3,12
akthari khatoon,1,3,15
viya,1,3,4
sharmistha,1,3,10
gulsida,1,3,7
khooshboo,1,3,9
pushpa gyhelot,1,3,14
foranti keer,1,3,12
sntosh,1,3,6
smt tu kanwar,1,3,13
tama,1,3,4
wareesha,1,3,8
gudiya oran,1,3,11
grpreet kour,1,3,12
piyari,1,3,6
monti,1,3,5
kumari asha,1,3,11
kumari lata,1,3,11
smt pooja kumari age,1,3,20
joyti rani,1,3,10
smt shyamwati,1,3,13
smt manju jat,1,3,13
ganita devi,1,3,11
meet khan,1,3,9
pirmika tirkey,1,3,14
djoycee haokip,1,3,14
smt uagant,1,3,10
kumari minu,1,3,11
tej kiran sharma,1,3,16
shrimati monika jain,1,3,20
amrita singh,1,3,12
shimala,1,3,7
hee khatun,1,3,10
karmi indwar,1,3,12
smt satyavati,1,3,13
smt hasee,1,3,9
moharan devi,1,3,12
bhoori,1,3,6
beni devi,1,3,9
kajal kapoor,1,3,12
evan,1,3,4
ree kumari,1,3,10
pooja arora,1,3,11
vidisha,1,3,7
bebi devi,1,3,9
kanti,1,3,5
priya gautam,1,3,12
smt preeti devi,1,3,15
ashrabi khatoon,1,3,15
mahlikka,1,3,8
lal kunwar urf vishnu kunwar,1,3,28
pravee bai,1,3,10
smtprema devi,1,3,13
deepa urf savitri,1,3,17
sakshi dikshit,1,3,14
madi khatun,1,3,11
babita sarkar,1,3,13
sabreen,1,3,7
jeevanlata tuddu,1,3,16
ruhhe,1,3,5
gulpacha,1,3,8
nelam bhatt,1,3,11
ranjan devi,1,3,11
somdevi,1,3,7
smt rajbala,1,3,11
irtu,1,3,4
sarbari parveen,1,3,15
aashu maheshwari,1,3,16
smt rekha jurjar,1,3,16
kumari neelam,1,3,13
akansha mali,1,3,12
rohila,1,3,6
sanha,1,3,5
ramsati,1,3,7
gulabsa,1,3,7
vimlesh kumari,1,3,14
sagit,1,3,5
rajbala sharma,1,3,14
smtsunita,1,3,9
kiran mala,1,3,10
reshmi sarkar,1,3,13
pum mishra,1,3,10
smt pooja urf rani,1,3,18
kumari shital,1,3,13
smt priti,1,3,9
smtmeera devi,1,3,13
kumari kiran,1,3,12
aarati,1,3,6
kaamini,1,3,7
kajar mouray,1,3,12
samreen khatun,1,3,14
reshmi,1,3,6
rupa saini,1,3,10
raju kanwar,1,3,11
aarif,1,3,5
shirishty,1,3,9
miss leela purohit,1,3,18
gurmeet kaur,1,3,12
savitri jatav,1,3,13
smt pharja,1,3,10
rmada,1,3,5
mansa,1,3,5
anita saini,1,3,11
jesmin,1,3,6
jayada,1,3,6
sanjan kumari,1,3,13
irsad khan,1,3,10
deou,1,3,4
birma devi,1,3,10
meera ja,1,3,8
malti devi,1,3,10
hara,1,3,4
shri sarwan bairwa,1,3,18
manju bairwa,1,3,12
raj kumar,1,3,9
sisty,1,3,5
rajani yadav,1,3,12
manisha aamliya,1,3,15
niksiya,1,3,7
gurupreet kaur,1,3,14
rijwa,1,3,5
guldasta,1,3,8
smt neeraj devi,1,3,15
beby,1,3,4
rama dua,1,3,8
ushman,1,3,6
hemavanti devi,1,3,14
smt papudi,1,3,10
kallo,1,3,5
ram bai,1,3,7
rupam devi,1,3,10
rukhsa khatun,1,3,13
saviti,1,3,6
saya,1,3,4
smt moni,1,3,8
manisha devi,1,3,12
racha mishra,1,3,12
vinita devi,1,3,11
smt maharaj,1,3,11
firoja bano,1,3,11
savita jain,1,3,11
kumari arch,1,3,11
bhava yadan,1,3,11
suneeta,1,3,7
mun,1,3,3
yasmeen khan,1,3,12
ladakunvar,1,3,10
keshav bhardwaj,1,3,15
asma,1,3,4
smt mee begam,1,3,13
phoolla,1,3,7
shakun,1,3,6
radhika pal,1,3,11
mikshi asawara,1,3,14
smt priyanka ghai,1,3,17
marshilah,1,3,9
manisha damor,1,3,13
konti bai mee,1,3,13
kumari anju,1,3,11
anupama negi,1,3,12
smtkanta devi,1,3,13
smtanta devi,1,3,12
baby bai,1,3,8
genda devi,1,3,10
bijali devi,1,3,11
rakhi kumari,1,3,12
ankeet kumar,1,3,12
shahz begum,1,3,11
bindu devi mehra,1,3,16
tama banu,1,3,9
smt shimla,1,3,10
parvti urf tunni,1,3,16
shobha devi,1,3,11
shrimati birmo,1,3,14
asmi,1,3,4
pooja raghav,1,3,12
kanya devi,1,3,10
meera sharma,1,3,12
chda chouhan,1,3,12
kushiv baai,1,3,11
smt seeta,1,3,9
sattu,1,3,5
smtaabida,1,3,9
madhuri pal,1,3,11
sanoj,1,3,5
shivangi,1,3,8
karshma,1,3,7
kushumlata,1,3,10
rekha urf riya,1,3,14
pitika,1,3,6
seeva khan,1,3,10
smt bhori,1,3,9
smt nima garasiya,1,3,17
shrimati shahida urf satto,1,3,26
teja ram,1,3,8
budho devi,1,3,10
veerpal kour,1,3,12
anjuman,1,3,7
dipika ahuja,1,3,12
kumud kumari,1,3,12
parvinder kaur,1,3,14
hajrati,1,3,7
neema mishra,1,3,12
nikky,1,3,5
nupur gupta,1,3,11
sehrunisa,1,3,9
kumari geeta,1,3,12
girijarani,1,3,10
richa pathak,1,3,12
kamlesh kumari,1,3,14
sonika sharma,1,3,13
sibu nisha,1,3,10
radha sharma,1,3,12
adiba,1,3,5
gosia,1,3,5
neetu kumari,1,3,12
saraswati devi,1,3,14
kushi,1,3,5
smt amrita singh,1,3,16
bidami devi,1,3,11
smt suman devi,1,3,14
shiteel,1,3,7
aashia kakkar,1,3,13
bavita,1,3,6
vjat,1,3,4
pushpa hatwal,1,3,13
smt ishawari,1,3,12
ashmi,1,3,5
sujli,1,3,5
neaha,1,3,5
aarju khatun,1,3,12
fatima khatun,1,3,13
smt mi,1,3,6
parinka,1,3,7
smt angoori devi,1,3,16
firdosh,1,3,7
uma kasav,1,3,9
render kaur,1,3,11
santosh kumar vishvkarma,1,3,24
arvinder kaur,1,3,13
rajee,1,3,5
rashmi kumari,1,3,13
alka kumari,1,3,11
ruvi,1,3,4
panku,1,3,5
koslya,1,3,6
smt mohani bai,1,3,14
buchhi,1,3,6
shabm praveen,1,3,13
rinke devi,1,3,10
mee yadav,1,3,9
nitu rani,1,3,9
ramu kunwar,1,3,11
sabnur,1,3,6
kumari mamta varma,1,3,18
jaigu,1,3,5
shayma,1,3,6
vinita tiwara,1,3,13
arba,1,3,4
smt parkashi,1,3,12
laxmi urf billu,1,3,15
jyoti kumari mee,1,3,16
ruksaar,1,3,7
pritika,1,3,7
suksha,1,3,6
virwanti,1,3,8
sarabjit kaur,1,3,13
joga ram,1,3,8
anita sahu,1,3,10
priynka katara,1,3,14
ravinder,1,3,8
manu devi,1,3,9
smt lakhihadar,1,3,14
anju shakhya,1,3,12
aarju,1,3,5
banu,1,3,4
minitwa,1,3,7
pooja maindai,1,3,13
kavita bansi,1,3,12
raziya jano,1,3,11
priyanka chaturvedi,1,3,19
am beg,1,3,6
madhuri barman,1,3,14
gunjan upadhayay,1,3,16
smt neeraj,1,3,10
smts manju,1,3,10
kumari jahida,1,3,13
kumari khushabu,1,3,15
kumari bhoomika,1,3,15
mansi bajaj,1,3,11
tipu,1,3,4
rekha kanwar,1,3,12
smts guddiya,1,3,12
pista,1,3,5
hudi bai,1,3,8
kushamvir,1,3,9
ree sain,1,3,8
charanjeet kaur,1,3,15
farhin,1,3,6
sejan,1,3,5
shikha gaud,1,3,11
sonu kumari,1,3,11
rushali,1,3,7
priya dhingra,1,3,13
priyanka chauhan,1,3,16
jari khatoon,1,3,12
begum bano,1,3,10
safika,1,3,6
karisma,1,3,7
kartika,1,3,7
smt leela,1,3,9
bhanwari devi,1,3,13
rainu,1,3,5
shivam,1,3,6
reema sharma,1,3,12
sap shaha,1,3,9
nusrat jahan,1,3,12
smt poom,1,3,8
gurvinder kaur,1,3,14
ashu singh,1,3,10
masum jant,1,3,10
smt sadha,1,3,9
smt rahila,1,3,10
miss laxmi kumari,1,3,17
shyamvati,1,3,9
mamta rani,1,3,10
gulista aapu,1,3,12
madhu kunwar,1,3,12
rosan,1,3,5
soma bera,1,3,9
smt aashma,1,3,10
aarti jain,1,3,10
smt jasoda,1,3,10
sushama,1,3,7
promila gobe,1,3,12
khurshida,1,3,9
rohini kashyap,1,3,14
afsa khatoon,1,3,12
smt tara bai,1,3,12
sampat bai,1,3,10
pinku kanwar,1,3,12
smt kanta devi,1,3,14
bhanwari,1,3,8
sunita indora,1,3,13
smt shayma,1,3,10
anjuman bano,1,3,12
nilam kumawat,1,3,13
nishtha jain,1,3,12
smt vinder kaur,1,3,15
nikkhar,1,3,7
farida khatun,1,3,13
savitri raksha,1,3,14
subhapal,1,3,8
sushree kali bai,1,3,16
rajesh kuwar,1,3,12
santoshi mehto,1,3,14
sabbo,1,3,5
munny,1,3,5
sajmeen,1,3,7
aasha kanwar,1,3,12
hurji bai,1,3,9
devi lal,1,3,8
suman tiwari,1,3,12
smt aasha,1,3,9
sirj,1,3,4
diya rawat,1,3,10
bhim maya,1,3,9
smt kalpa,1,3,9
khushboo khan,1,3,13
bi jatav,1,3,8
shahista,1,3,8
smt durga,1,3,9
kanchan manjhi,1,3,14
re devi,1,3,7
rasmi,1,3,5
dhaniya,1,3,7
musmi,1,3,5
puja devi,1,3,9
himanshee,1,3,9
smtpinky,1,3,8
smt pholwanti,1,3,13
meeta,1,3,5
father,1,3,6
manju ra,1,3,8
tanisha ra,1,3,10
renu verma,1,3,10
jaki devi,1,3,9
indta,1,3,5
kumari pooja,1,3,12
anja bai,1,3,8
mekshi,1,3,6
maneesha,1,3,8
smt rajkumaree,1,3,14
sarangthem monika,1,3,17
lambhu devi,1,3,11
saranthem monika,1,3,16
miss santra,1,3,11
preeti khosla,1,3,13
foola devi,1,3,10
shashi bala,1,3,11
anupam mehara,1,3,13
smt shankarbhaya,1,3,16
inda bai,1,3,8
saroj bala,1,3,10
shahza,1,3,6
gaitri devi,1,3,11
lila devi,1,3,9
smt chinki,1,3,10
smt kishan davi,1,3,15
subani,1,3,6
mohani bai,1,3,10
smt motiya,1,3,10
prete,1,3,5
sarah thomson,1,3,13
isha garg,1,3,9
ram devi,1,3,8
shama rani,1,3,10
smt deepika,1,3,11
anjali devi,1,3,11
dhrama devi,1,3,11
neeta,1,3,5
majoo devi,1,3,10
madi khatu,1,3,10
pooja bairva,1,3,12
kamreen,1,3,7
beauty kumari,1,3,13
firoz,1,3,5
rakeeba,1,3,7
saroj kumari,1,3,12
rvi kumari,1,3,10
mali,1,3,4
rubi agrwal,1,3,11
annju,1,3,5
mai bai gujari,1,3,14
smtparwati,1,3,10
bhawari devi,1,3,12
smt mohni,1,3,9
smts amarawati,1,3,14
rajeswari,1,3,9
rat vati sahu,1,3,13
smt pano devi,1,3,13
fara,1,3,4
nurjaha,1,3,7
udi bai,1,3,7
aisha khan,1,3,10
maneeta,1,3,7
parveen kaur,1,3,12
asiya,1,3,5
mithilesh kumari,1,3,16
bhanmati,1,3,8
kalla bai,1,3,9
jaslin,1,3,6
kalma khatoon,1,3,13
phoolwanti,1,3,10
taitra devi,1,3,11
smt bhupendri,1,3,13
kumari anjeta,1,3,13
ara,1,3,3
kusum lata,1,3,10
ramrati,1,3,7
kumari reetu,1,3,12
kumari suruti,1,3,13
rakha,1,3,5
pangita,1,3,7
asha rani,1,3,9
kanki,1,3,5
sunita dass,1,3,11
bashanti bai,1,3,12
smt ajan bai,1,3,12
aarushi,1,3,7
hagami,1,3,6
kmprinka,1,3,8
shivkumari,1,3,10
jda khatoon,1,3,11
gunja singh,1,3,11
ramkanya veshv,1,3,14
akbari begum,1,3,12
manju salvi,1,3,11
bhagay shree,1,3,12
srimati banti,1,3,13
faraha khan,1,3,11
ritu shree vastav,1,3,17
asmat,1,3,5
kumari mamta,1,3,12
jani bai,1,3,8
dishu,1,3,5
rama devi,1,3,9
rama bai,1,3,8
mahzbin,1,3,7
keta,1,3,4
smt ratni bai,1,3,13
gulab shah,1,3,10
satm kour,1,3,9
anjaly malpahariya,1,3,18
manisha dhoundiyal,1,3,18
shamrin,1,3,7
vijay wati,1,3,10
samima khatun,1,3,13
mero topto,1,3,10
raj kaur,1,3,8
raj shri,1,3,8
jaiwanti,1,3,8
preeti sharma,1,3,13
sazmin,1,3,6
shmejha,1,3,7
kumari anupama,1,3,14
manira minj,1,3,11
richa aggarwal,1,3,14
pinki devew,1,3,11
smt sahistha,1,3,12
rajni mahraval,1,3,14
smtnosar devi,1,3,13
smtasha sharma,1,3,14
smt sampat,1,3,10
moo,1,3,3
sukrita munni,1,3,13
harsha chittora,1,3,15
safali gupta,1,3,12
smt mamta devi,1,3,14
smt hury,1,3,8
kamini sharma,1,3,13
jyoti manch,1,3,11
belo,1,3,4
noor mho,1,3,8
mee kanwar,1,3,10
smt maya megwal,1,3,15
smt kmla davi,1,3,13
veermati,1,3,8
smtchhoti devi,1,3,14
vijay kaxmi,1,3,11
neelam harijan,1,3,14
shalesh,1,3,7
sarojni,1,3,7
pooja khatri,1,3,12
pooja mehut,1,3,11
yogeshwari,1,3,10
harjit,1,3,6
sunder,1,3,6
jis,1,3,3
mithalesh,1,3,9
jma khan,1,3,8
smt ramu devi,1,3,13
bhawa devi,1,3,10
himanshi agrwal,1,3,15
shm santosh,1,3,11
sithal,1,3,6
dalima,1,3,6
rinki jaiswal,1,3,13
chhoti,1,3,6
kumari resham,1,3,13
muntrin,1,3,7
aksha,1,3,5
shalu sharma,1,3,12
beeti,1,3,5
smt neelu kavar,1,3,15
smt santa,1,3,9
smt kish bai,1,3,12
smt sangita chaturvedi,1,3,22
manju kavar,1,3,11
kumari doli,1,3,11
rubi khan,1,3,9
rubey,1,3,5
smt manjula  putri mital,1,3,24
kumari parvinn,1,3,14
tumpa biwi,1,3,10
harleen kaur,1,3,12
smt bhiwani,1,3,11
alok,1,3,4
zani,1,3,4
sab,1,3,3
vikki kumari,1,3,12
smt shakashi,1,3,12
shanu devi,1,3,10
laja,1,3,4
srin,1,3,4
parven devi,1,3,11
shakutal,1,3,8
kamla devi bairwa,1,3,17
kumari asha urf hema,1,3,20
babbi,1,3,5
tanisha sharma,1,3,14
parvashi,1,3,8
miss alfiya,1,3,11
smt priyanka lamba,1,3,18
smt maya,1,3,8
mmt mee regar,1,3,13
thu soni,1,3,8
pooja rani dass,1,3,15
sukh oya,1,3,8
maalti,1,3,6
smt champa,1,3,10
anshu rathor,1,3,12
bahnu,1,3,5
surgayani,1,3,9
rajo,1,3,4
misbah,1,3,6
rakhee,1,3,6
halima,1,3,6
lakhmi,1,3,6
miss sima,1,3,9
papiya dass,1,3,11
nitu sharma,1,3,11
mi mee,1,3,6
jyoti jatav,1,3,11
ankita sharma,1,3,13
mantasha,1,3,8
smt parmeshwari devi,1,3,20
amri,1,3,4
kiran sen,1,3,9
smt jam,1,3,7
sushree durga bai,1,3,17
shukramani,1,3,10
aji suman,1,3,9
devanti devi,1,3,12
preeti bharti,1,3,13
sim banu,1,3,8
deepka,1,3,6
pushpa brahman,1,3,14
shima kawar,1,3,11
shkuntala devi,1,3,14
dolly devi,1,3,10
sanjeev kumar,1,3,13
zmaa,1,3,4
raksha devi,1,3,11
birmati devi,1,3,12
shaku bano,1,3,10
smt chanchala,1,3,13
smt aru,1,3,7
miss ranja,1,3,10
parwati mee,1,3,11
smt pooja devi,1,3,14
sukheeya,1,3,8
kirann,1,3,6
pariti kumari,1,3,13
rakhi jha,1,3,9
sucheta gupta,1,3,13
gargi ghosh,1,3,11
chumki sarkar,1,3,13
sarika mishra,1,3,13
miss monika,1,3,11
smt fulki,1,3,9
himani joshi,1,3,12
saka bai,1,3,8
mamanbai,1,3,8
sup,1,3,3
gambhir singh,1,3,13
farida bano,1,3,11
smt seema bai,1,3,13
suraiya,1,3,7
mamuni munda,1,3,12
hem lata,1,3,8
aatikun,1,3,7
smt vimala,1,3,10
bhanwar kunwar,1,3,14
chndrakla,1,3,9
preeti kaur,1,3,11
kulvinder kour,1,3,14
smt tee,1,3,7
sahab bai,1,3,9
zhini devi,1,3,10
miss kala,1,3,9
garima rai,1,3,10
nila,1,3,4
mehak kapil,1,3,11
samreen praveen,1,3,15
konika,1,3,6
smt maya balai,1,3,14
parbha,1,3,6
suman giri,1,3,10
kavita kanwar,1,3,13
karma devi,1,3,10
shela,1,3,5
shrimati marsi,1,3,14
kumari mikshi,1,3,13
noomi firdos,1,3,12
archa kumari,1,3,12
tiwnkal,1,3,7
viren,1,3,5
mini kumari,1,3,11
urmila tiwari,1,3,13
sufiya khan,1,3,11
nisha bano,1,3,10
ajay singh,1,3,10
hee kaushar,1,3,11
smt purnima,1,3,11
binda rani,1,3,10
fra,1,3,3
banita,1,3,6
kushbu,1,3,6
kamla mehta,1,3,11
smt sniya banu,1,3,14
sakila damor,1,3,12
khusbu devi,1,3,11
samundri,1,3,8
pallawi verma,1,3,13
shimla,1,3,6
ganeshi,1,3,7
chinta,1,3,6
rani singh,1,3,10
neesha,1,3,6
meekshi kevat,1,3,13
urmila thauri,1,3,13
maya yadav,1,3,10
smt anjli malik,1,3,15
smt kaladevi choubisa,1,3,21
ali aba,1,3,7
mukesh kanwar,1,3,13
rupali,1,3,6
ruksa khatoon,1,3,13
vidha devi,1,3,10
smtvasida,1,3,9
gouri sharma,1,3,12
ame bibi,1,3,8
reka,1,3,4
peenu,1,3,5
smt shabam,1,3,10
apsa parveen,1,3,12
subhangi sadashiv jadhav,1,3,24
shaya,1,3,5
saziya siddiqui,1,3,15
vashila,1,3,7
seeva,1,3,5
ritu kumari,1,3,11
sawtri devi,1,3,11
ajara,1,3,5
chet,1,3,4
subhadra rani,1,3,13
yasmin fatima,1,3,13
smt jyoti,1,3,9
preyank,1,3,7
akshita,1,3,7
kumari bulbul,1,3,13
jaioni,1,3,6
smt manjula tirger,1,3,18
gaytree kumari,1,3,14
kbeta,1,3,5
jahani,1,3,6
suhsmita,1,3,8
sanno,1,3,5
smt mahender kaur,1,3,17
smt du devi,1,3,11
hazira khatoon,1,3,14
paramjit,1,3,8
afsari,1,3,6
tahira bibi,1,3,11
smt balwanti davi,1,3,17
salmi,1,3,5
charu vij,1,3,9
shay,1,3,4
manju sharma,1,3,12
shiwani sharma,1,3,14
manchan devi,1,3,12
anju prajapat,1,3,13
babita dhasma,1,3,13
smt sarasvati,1,3,13
priti priya,1,3,11
shelly,1,3,6
roma,1,3,4
gopal,1,3,5
soni khatoon,1,3,12
rajbiri,1,3,7
ajkati khatoon,1,3,14
smt nitu gujar,1,3,14
kumari pinki,1,3,12
feflibai,1,3,8
raishma,1,3,7
vimla meghwal,1,3,13
anu gupta,1,3,9
avantika,1,3,8
smt meera devi bawri,1,3,20
jhanjhariya,1,3,11
smt meeno,1,3,9
ram bhateri devi,1,3,16
kalawati sharma,1,3,15
smt dharamvati,1,3,14
kamlesh devi,1,3,12
sonika brahmin,1,3,14
parvati bai,1,3,11
aswani kaur,1,3,11
ujama khatun,1,3,12
rama kumari,1,3,11
monika th,1,3,9
murti anuragi,1,3,13
murti,1,3,5
smt lali,1,3,8
kumari kaushal,1,3,14
kavita gupta,1,3,12
kranti devi,1,3,11
shilpa rani,1,3,11
smt sug devi,1,3,12
smt rakhi,1,3,9
reeta jain,1,3,10
smt itvarya,1,3,11
shanno,1,3,6
smt haju,1,3,8
sohi,1,3,4
jara,1,3,4
sudha yadav,1,3,11
subramani,1,3,9
miss nilofer,1,3,12
khima sur,1,3,9
radhika muktan,1,3,14
shalini agrawal,1,3,15
tabsum khanm,1,3,12
smt sunita devi,1,3,15
miss bebi,1,3,9
kiniya,1,3,6
smt devendri devi,1,3,17
jhansi rani samuel,1,3,18
miss sunita,1,3,11
anjaly,1,3,6
mamt,1,3,4
smt anchhi devi,1,3,15
sushree sunita i,1,3,16
kumari saloni,1,3,13
smt gayatri bhil,1,3,16
kamakshya,1,3,9
satya mukhi,1,3,11
maheswari,1,3,9
anju mangalam,1,3,13
pareeti,1,3,7
smt sawitri regar,1,3,17
pushpanjali yak,1,3,15
shakeela begum,1,3,14
kumari hee bharati,1,3,18
manju bhasin,1,3,12
kumari banti,1,3,12
rajkaranta,1,3,10
asanti devi,1,3,11
rahimun nisha,1,3,13
kuli momin,1,3,10
hasi momin,1,3,10
kumari hi parveen,1,3,17
sharinimle,1,3,10
santosh salvi,1,3,13
priyanka mal,1,3,12
kumari sima rawat,1,3,17
leela kanwar,1,3,12
pooja verma,1,3,11
nibo devi,1,3,9
ajmal,1,3,5
kumari maya,1,3,11
vidha,1,3,5
hida,1,3,4
ritu sharma,1,3,11
kuso devi,1,3,9
sheelu,1,3,6
subhi khan,1,3,10
satyvati,1,3,8
keshu kumari,1,3,12
janky sawra,1,3,11
sajda,1,3,5
bidhya,1,3,6
sabila,1,3,6
annielal,1,3,8
mis radha regar,1,3,15
nibha kumari,1,3,12
bimla sunwar,1,3,12
pushpender kaur,1,3,15
manjusha,1,3,8
tulsi kumari,1,3,12
hudi bai kir,1,3,12
smt ladi bai mali,1,3,17
harsha chauhan,1,3,14
say,1,3,3
saida,1,3,5
mahmun khatoon,1,3,14
zira,1,3,4
dikksha mavi,1,3,12
upasa,1,3,5
deepika singh,1,3,13
sushree jasoda,1,3,14
amrooti,1,3,7
jira,1,3,4
sweta jain,1,3,10
rabhida,1,3,7
puja sharm,1,3,10
smt santoshi,1,3,12
aarti mishra,1,3,12
anzum,1,3,5
darfasha,1,3,8
smt kusumlatta,1,3,14
archa mee,1,3,9
putulu devi,1,3,11
amika sujata,1,3,12
smt kali,1,3,8
vimla gameti,1,3,12
govind ram,1,3,10
manimegla,1,3,9
daljit kaur,1,3,11
ramdevi,1,3,7
smt preeti bhati,1,3,16
aarti choudhri,1,3,14
prinkaya,1,3,8
hasmita,1,3,7
soni yadav,1,3,10
atiq ahmad,1,3,10
sehaz baano,1,3,11
bagga kunwar,1,3,12
smt simran  seema,1,3,17
ramesh yogi,1,3,11
shweta saxe,1,3,11
sarita kumari,1,3,13
hemu,1,3,4
smtkalawati,1,3,11
serul khatun,1,3,12
bharti mishra,1,3,13
akhatari begam,1,3,14
khasbhoo,1,3,8
pee,1,3,3
mis pushpa rajput,1,3,17
pawan bay,1,3,9
diwansi,1,3,7
smt geeta roat mee,1,3,18
basanti baiya,1,3,13
indara kawar,1,3,12
kumari sushila,1,3,14
bhanumati kunwar,1,3,16
badri lal,1,3,9
jewa,1,3,4
farhaz,1,3,6
lilaki,1,3,6
smt anuradha,1,3,12
gattu devi,1,3,10
kamla mee,1,3,9
sarjaha,1,3,7
uma kumari,1,3,10
puneeta,1,3,7
iema,1,3,4
smt siksha devi,1,3,15
smt munesh devi,1,3,15
kanku bai,1,3,9
dariya devi,1,3,11
karu reddi,1,3,10
eshwari,1,3,7
iram,1,3,4
smt sabra,1,3,9
smt nirmla bai,1,3,14
avneet kaur,1,3,11
chitro,1,3,6
vleen kaur,1,3,10
chetan,1,3,6
sima bai,1,3,8
mee kanwar rajput,1,3,17
lalita kunwar,1,3,13
sunita urf sonu,1,3,15
nisha aggarwal,1,3,14
silvia,1,3,6
sauni khatoon,1,3,13
anuja singh,1,3,11
smt chet verma,1,3,14
tohmee,1,3,6
sitara khatoon,1,3,14
shri mati shuda,1,3,15
amie margaret philips,1,3,21
rakki,1,3,5
bhagwan jha,1,3,11
ranipal,1,3,7
smt sohan bai,1,3,13
nitu hada,1,3,9
kajal saini,1,3,11
nishar,1,3,6
gulza,1,3,5
sahawaj,1,3,7
smt sarswati devi,1,3,17
miss deepmala,1,3,13
panchoo bhahi,1,3,13
lata lalwani,1,3,12
shaila,1,3,6
simran adhikari,1,3,15
sera,1,3,4
sharjprit cour,1,3,14
smt seema kanwar,1,3,16
sangita choudhary,1,3,17
manisha raj,1,3,11
nirwat,1,3,6
fauji purvi,1,3,11
joya ansari,1,3,11
smt reetu,1,3,9
kumara pushpa,1,3,13
smt roma,1,3,8
golden,1,3,6
val bai,1,3,7
kumara mee,1,3,10
sakee,1,3,5
smt swati mishra,1,3,16
mairy kumari,1,3,12
miss heera,1,3,10
smt sajan kuwar,1,3,15
parvin bano,1,3,11
rekha kumawat,1,3,13
tulki lauhar,1,3,12
neelam joshi,1,3,12
mome khatun,1,3,11
savita mee,1,3,10
smt mariyam,1,3,11
ram lata,1,3,8
javade,1,3,6
asgari,1,3,6
purnima ghose,1,3,13
smt jaya,1,3,8
prabhu lal,1,3,10
smt sasibala,1,3,12
resh bai,1,3,8
prableen kaur,1,3,13
kumari prem,1,3,11
bagdai,1,3,6
sabita devi,1,3,11
sol seth,1,3,8
shrimati,1,3,8
bismilla,1,3,8
bhakuni devi,1,3,12
farhaaz,1,3,7
pramil,1,3,6
deepa rani,1,3,10
munmun,1,3,6
sulta begum,1,3,11
firoj,1,3,5
jotyi,1,3,5
nirmala gupta,1,3,13
shabi kumari,1,3,12
vasiya khatun,1,3,13
rubi pravin,1,3,11
aishe banu,1,3,10
prameela,1,3,8
suresh devi,1,3,11
smt mangi bai,1,3,13
rinki kumari,1,3,12
srishty,1,3,7
neelam mentily ritayard,1,3,23
poom gupta,1,3,10
siddhi dubey,1,3,12
kmsoniya,1,3,8
tee kanwar,1,3,10
smt dhapu,1,3,9
ti kour,1,3,7
gma parveen,1,3,11
englas,1,3,6
bhaw jain,1,3,9
kum rekha,1,3,9
smt pinki devi,1,3,14
ifteshyam akhtar,1,3,16
amrat kunwar,1,3,12
bhura kanwar,1,3,12
roma kumari,1,3,11
parmjeet kaur,1,3,13
yamu,1,3,4
ompati,1,3,6
jasodha,1,3,7
smt rajjoo,1,3,10
krish bai,1,3,9
shivani sharma,1,3,14
dayji,1,3,5
smtmanju devi,1,3,13
unti,1,3,4
satosh,1,3,6
hasibullah,1,3,10
pooja goyal,1,3,11
sunny kumari,1,3,12
meekashi,1,3,8
smt roshni gupta,1,3,16
ruksin,1,3,6
javetha,1,3,7
soni mishra,1,3,11
sheela in,1,3,9
reshma kami,1,3,11
luxmi rani,1,3,10
sabeeha khatun,1,3,14
smt daya,1,3,8
ruppa devi,1,3,10
anita soni,1,3,10
chaman jahan,1,3,12
sashi bala,1,3,10
mallo,1,3,5
kiranti,1,3,7
ima,1,3,3
smt joty,1,3,8
meenu sharma,1,3,12
sohan uraf pinta,1,3,16
smt rayn kaur,1,3,13
satwinder kaur,1,3,14
halki bai,1,3,9
madhu yak,1,3,9
smt chapma bai,1,3,14
suman kumari,1,3,12
gulab,1,3,5
miss badi,1,3,9
shrimati harkali,1,3,16
savita jha,1,3,10
kachan,1,3,6
pree parbhakar,1,3,14
ramjas,1,3,6
supiriya,1,3,8
ravi yadav,1,3,10
bee uraf mea,1,3,12
sngeeta,1,3,7
miss anju maida,1,3,15
smt krish devi,1,3,14
sunita panchal,1,3,14
riha khatoon,1,3,12
kumare dali,1,3,11
nikki sharma,1,3,12
rabita,1,3,6
smt prema devi,1,3,14
smt leela kunwar,1,3,16
nirma devi bawari,1,3,17
karima,1,3,6
laxmi berwa,1,3,11
mohsi,1,3,5
sheelu lata sahu,1,3,16
smt chitra,1,3,10
rukhsar khan,1,3,12
geeta gurung,1,3,12
anjali kirti,1,3,12
ayasha,1,3,6
pool kumari,1,3,11
miss santosh,1,3,12
smt bi devi,1,3,11
mee kawar,1,3,9
manju bai bagri,1,3,15
pear bano,1,3,9
render kumar vajpai,1,3,19
shma,1,3,4
smt munni devi,1,3,14
smt anita devi,1,3,14
smtnitu devi,1,3,12
saku kunwar,1,3,11
miss rekha,1,3,10
meeta je,1,3,8
husno,1,3,5
switi,1,3,5
shobha wati,1,3,11
sivani devi,1,3,11
miss manju,1,3,10
shahjadi khatoon,1,3,16
meeta jain,1,3,10
arifa bano,1,3,10
rukya jan,1,3,9
jyoti so,1,3,8
anchal devi,1,3,11
smt pum bailwal,1,3,15
shri mati savita,1,3,16
deep kaur,1,3,9
mehfooj,1,3,7
malti prajapati,1,3,15
jebi khan,1,3,9
smt dimpal gayri,1,3,16
amrita kashmira,1,3,15
zma khatoon,1,3,11
aarti mehta,1,3,11
ekta chopra,1,3,11
choti bitya,1,3,11
anshu rani,1,3,10
smt rupi rawat,1,3,14
puja salvi,1,3,10
smt mukesh,1,3,10
shalu rathore,1,3,13
sanjeeta,1,3,8
sadh singh,1,3,10
limca,1,3,5
babali yadav,1,3,12
vimal,1,3,5
yaka rahman,1,3,11
kushmi devi,1,3,11
jaib khan,1,3,9
sanjogta,1,3,8
geetika,1,3,7
smt alka rani,1,3,13
alka rani,1,3,9
smt channu bansada,1,3,18
tasleem,1,3,7
sahra,1,3,5
ashish,1,3,6
smt ranja devi,1,3,14
nisha khurshid,1,3,14
leela th,1,3,8
sonia banerjee,1,3,14
prasanta,1,3,8
ajmit kaur,1,3,10
zima,1,3,4
razia devi,1,3,10
mankuri devi,1,3,12
rennu,1,3,5
smt momin,1,3,9
keshar nima,1,3,11
geetali,1,3,7
gitali,1,3,6
ree mehar,1,3,9
smt laxmi urf gudiya,1,3,20
samiya mee,1,3,10
kumari soni,1,3,11
soba,1,3,4
daya,1,3,4
pushpa jha,1,3,10
smt amita yaday,1,3,15
meenu kumari,1,3,12
smt bharti devi,1,3,15
savreen khatoon,1,3,15
areen momin,1,3,11
hemlat,1,3,6
sunhara,1,3,7
parmila so,1,3,10
smt lata davi,1,3,13
smt smshida,1,3,11
smt rukhsa,1,3,10
sohan bai,1,3,9
smt dharamveeri,1,3,15
pholwati,1,3,8
rekhwan,1,3,7
maigo,1,3,5
sarju,1,3,5
satvida,1,3,7
chita,1,3,5
smt shanta yak,1,3,14
miss kalapa,1,3,11
reetu shrama,1,3,12
umme kool sum sitara jahan,1,3,26
baby tahiran,1,3,12
thiya devi,1,3,10
awshin,1,3,6
mitlesh,1,3,7
channu basda,1,3,12
channu bai,1,3,10
shama praveen,1,3,13
smt afrooj,1,3,10
harry,1,3,5
amisha bharti,1,3,13
sushri manju,1,3,12
kirti srivastav,1,3,15
sabri pewel hawell,1,3,18
riju,1,3,4
mema,1,3,4
sahgufta,1,3,8
nisha thakur,1,3,12
fahira soni,1,3,11
smt fareeda,1,3,11
kumari renu,1,3,11
bhart,1,3,5
tanya mishra,1,3,12
farmee,1,3,6
dur,1,3,3
chanchal saini,1,3,14
bimla marman,1,3,12
sarmila,1,3,7
meekshi rawat,1,3,13
tabbusum,1,3,8
indra wati,1,3,10
madhu devi,1,3,10
smt madhu urf sonu,1,3,18
savita kumar,1,3,12
jenny,1,3,5
smt bhagwani,1,3,12
bhawari,1,3,7
maaya,1,3,5
beni dangi,1,3,10
tinvkal sharma,1,3,14
taki moon,1,3,9
bhawar kali,1,3,11
miss hansa,1,3,10
smt rani,1,3,8
smt bahvarkali,1,3,14
lavli,1,3,5
sosari gameti,1,3,13
tanjeem,1,3,7
mintu devi,1,3,10
sushmita rai,1,3,12
manju singh,1,3,11
pataso devi,1,3,11
rajesh bai,1,3,10
ekata mee,1,3,9
miss mamta,1,3,10
kumari ritika sethi,1,3,19
hajari bai,1,3,10
susmita,1,3,7
santra,1,3,6
smt rekha meghwal,1,3,17
smhsuga,1,3,7
nisha rani,1,3,10
joyate,1,3,6
urmila devi,1,3,11
lashma devi,1,3,11
roshani devi,1,3,12
rupali jakhotia,1,3,15
charnjeet,1,3,9
marja,1,3,5
sabra,1,3,5
shymo devi,1,3,10
maadhuri rai,1,3,12
neelam kour,1,3,11
nilam singh,1,3,11
isha batra,1,3,10
smt wali,1,3,8
pooja rathor,1,3,12
sukmani,1,3,7
kumari khalida,1,3,14
fulo devi,1,3,9
sonu kanwar,1,3,11
smtlokesh,1,3,9
salma bano,1,3,10
pawni,1,3,5
ruby raghav,1,3,11
lata sen,1,3,8
munnia,1,3,6
priyanka lohiya,1,3,15
smt seema jat,1,3,13
lta seni,1,3,8
ram rati,1,3,8
poom rai,1,3,8
smt urmila devi,1,3,15
shrimati sunita devi,1,3,20
smt dee kanwar,1,3,14
bi ravat,1,3,8
aarati urf siloch,1,3,17
ree age,1,3,7
smt rekha salvi,1,3,15
muskan kannojiya,1,3,16
purnima thapa,1,3,13
panchi,1,3,6
rashmi jhaa,1,3,11
smt bharti,1,3,10
sintu kumari,1,3,12
jara khatun,1,3,11
dilish,1,3,6
kumari khusbu singh,1,3,19
jaspreet kaur,1,3,13
kesavi devi,1,3,11
ashmin,1,3,6
sipra,1,3,5
smt barsa,1,3,9
neha jain,1,3,9
kuldeep,1,3,7
alis,1,3,4
kumari kajal,1,3,12
bee kumari,1,3,10
shilap,1,3,6
smtnisha,1,3,8
imra khatun,1,3,11
husiya devi,1,3,11
kanchan chouan,1,3,14
siwani,1,3,6
feesa,1,3,5
sibaz,1,3,5
mom sharma,1,3,10
meela devi,1,3,10
ajay kumar yadav,1,3,16
hongsi,1,3,6
smt neeru gadari,1,3,16
mixi,1,3,4
khush seeb,1,3,10
bali,1,3,4
roopali,1,3,7
smt rekha suthar,1,3,16
irfan mohmmad,1,3,13
rimmi kaur,1,3,10
smt benjeer,1,3,11
lakhvinder,1,3,10
kumari ritu dabi,1,3,16
revakshi,1,3,8
smt supyar,1,3,10
nikhad,1,3,6
neeraj kumari,1,3,13
sahima,1,3,6
mixni,1,3,5
foolwati,1,3,8
sahil,1,3,5
sarita choudhary,1,3,16
smt sushila rawat,1,3,17
jyoti kanwar,1,3,12
mithu sarkar,1,3,12
smt nidhi,1,3,9
simran aahuja,1,3,13
alhamdi,1,3,7
shri mati amresh,1,3,16
mintu,1,3,5
smt seema sharma,1,3,16
taj,1,3,3
kumari hirawati,1,3,15
sagiran,1,3,7
priya gahlot,1,3,12
gajla,1,3,5
shvani,1,3,6
sitara begum,1,3,12
smt sonu sharma,1,3,15
hawa devi,1,3,9
rubiya,1,3,6
pinki patwari,1,3,13
miss manisha,1,3,12
lavali,1,3,6
manju gar,1,3,9
jugan,1,3,5
smt kamla mee,1,3,13
subhagi,1,3,7
sarswati devi,1,3,13
smt raismi devi,1,3,15
munia,1,3,5
vidyawati,1,3,9
deeya,1,3,5
kumari laxmi,1,3,12
abhaki,1,3,6
injum,1,3,5
kaarti devi,1,3,11
deepika sain,1,3,12
vaijanti devi,1,3,13
smt sabm,1,3,8
rayani,1,3,6
miss ree,1,3,8
